CustomerID,frequency
15619,1
17389,34
14450,3
15727,7
15790,1
13285,4
14570,2
16574,1
13832,1
13623,5
15957,1
16503,4
17679,2
17420,3
15447,1
16386,2
18024,2
16861,2
16339,1
12940,2
14465,3
15967,2
14423,1
18161,5
14536,1
12471,30
12626,9
18218,2
16500,6
18282,2
13261,2
14148,1
15100,3
14075,3
14514,3
16916,2
15004,1
17172,1
15254,1
12715,1
12367,1
12611,1
15738,16
14377,2
17837,8
17809,12
13601,2
14289,6
16791,7
15655,1
15296,6
17754,5
18221,5
12393,4
13875,5
16924,3
14420,1
14997,3
14837,4
13060,1
14714,1
17775,1
17708,2
16283,5
17783,2
13483,1
13207,2
17044,1
16680,1
16224,4
17223,2
15382,6
13898,1
17193,7
15604,1
14315,6
16828,2
13188,1
14958,3
18043,3
17712,1
13508,1
14944,12
14713,11
15292,1
13225,7
17190,2
14779,3
16999,2
17950,3
16117,1
16706,3
15740,1
16232,4
15429,2
16565,1
15535,4
13923,1
14770,2
16094,4
13504,1
13329,2
14660,2
17836,1
17154,1
12607,1
13398,1
14752,1
15462,3
13468,37
16027,6
17346,15
16549,10
12694,2
15070,1
15026,3
15146,2
16295,4
16985,10
17438,1
16526,1
16506,2
13500,3
15594,5
14124,1
16119,2
16510,1
15221,1
14054,1
14284,2
13313,5
16255,8
14030,8
15827,14
17613,14
15983,4
12717,2
17677,30
14477,4
15584,4
17213,7
12530,4
15781,3
14245,2
15216,1
16601,1
13544,2
17904,1
16505,1
16257,1
12727,7
14532,4
12723,5
15634,1
12757,13
16766,2
14760,1
16954,9
17924,7
17396,8
16835,2
16800,1
15157,3
17502,4
12559,2
15348,1
17462,2
17392,2
18174,1
16947,1
12401,1
12436,1
12523,11
15270,7
17972,1
15973,1
15904,1
17969,2
17926,2
15164,3
14437,1
18014,1
16317,3
15091,1
17265,2
17774,4
17525,1
16648,1
14085,18
13494,1
13003,3
16813,10
13516,3
17554,5
15491,6
13046,2
17430,2
17639,1
17253,1
14658,2
15658,5
13967,1
15093,6
13720,4
17588,3
15557,1
15497,2
13994,6
16801,4
14332,3
16968,2
13751,1
17388,4
14064,5
12384,2
14801,1
16738,1
14589,1
16913,1
15850,2
13368,2
18030,2
12494,7
14336,4
12755,2
18193,1
17397,2
16274,1
16125,1
17508,1
12355,1
18105,1
12782,5
18085,2
15716,4
14715,4
13170,1
13066,2
15637,1
17347,1
12837,1
12566,1
12854,3
16721,1
14935,1
13594,1
14101,6
12362,10
16930,3
17001,11
14410,9
15844,1
15116,4
16189,2
13220,4
16532,3
14044,4
15130,1
17353,2
13782,6
13960,2
16671,3
14501,2
13745,1
14703,1
15398,2
14180,25
13027,6
14525,9
17059,5
14555,2
17678,1
15795,1
14554,4
13109,2
18240,1
16244,2
15840,2
13904,2
15060,4
12447,1
17297,1
18071,2
17647,1
15253,5
13726,2
14733,12
14367,16
16839,34
16455,7
14056,23
16265,9
17955,4
17081,2
15234,1
17147,4
14776,11
17890,2
18278,1
14117,1
13045,1
16366,1
15096,1
14687,1
15503,1
14642,1
12948,7
12453,1
13104,6
15105,7
13166,1
16053,2
12373,1
14177,4
14141,4
12885,3
16043,4
15923,1
12913,5
15733,1
14647,1
17542,1
13873,3
12548,1
15531,2
16684,28
15062,4
16012,3
15024,10
13139,7
14419,6
15219,1
15260,7
15855,5
16774,4
16175,4
17148,1
15332,4
17463,5
14496,2
18248,2
18113,1
15262,1
13052,1
12725,1
17070,1
15426,5
12582,2
14062,12
16553,12
17637,2
12705,9
16834,1
16326,14
12868,6
16885,3
15132,5
15073,3
13946,3
18096,3
18147,2
13523,5
15370,7
17737,2
12597,4
17244,1
13301,4
15071,2
17709,1
16178,1
12865,2
15263,1
12601,5
16056,1
14644,2
13081,11
13040,2
15906,7
15841,4
17014,3
16015,3
17549,2
14140,2
14720,3
17312,3
17584,2
13416,2
16000,3
16078,1
17053,1
16352,2
16338,1
13497,2
15203,6
15918,2
17813,5
15599,2
16150,5
13524,5
16571,3
13838,4
16266,7
15485,3
14961,9
17573,3
15051,3
16243,2
17985,1
16969,3
13038,3
13992,1
13347,1
17496,1
17895,1
12893,1
12662,11
15405,1
12951,6
15920,4
15563,4
17071,9
14808,8
14096,17
14287,3
12731,12
17793,1
13730,2
15345,1
15440,3
14333,1
17928,2
16431,3
12504,2
12659,1
15083,1
14375,1
14888,1
15363,1
16413,1
17811,39
17097,8
15454,1
16303,3
13477,6
13811,3
18170,3
17345,4
15224,2
17545,3
15108,4
17029,2
14345,1
13685,7
17423,2
14871,4
12347,7
18209,1
12882,2
16240,2
15267,5
18088,1
13372,1
14439,1
17259,2
16134,2
16370,4
15636,2
16698,2
13426,10
14292,9
17966,5
12709,15
15909,1
13644,4
14128,2
17331,1
14565,4
15938,5
13422,1
16383,2
14193,2
12895,2
16921,1
15895,1
14813,2
16114,1
13584,1
17603,1
12509,1
17504,9
18075,10
12841,25
12429,4
16131,6
12873,1
15111,3
17883,4
14462,11
14317,1
14102,5
16048,2
17984,1
18053,1
14105,1
17536,1
18050,1
13694,50
16076,10
12935,7
12652,1
14830,1
15696,8
17685,7
14587,9
15516,3
14523,1
12881,1
17566,2
15974,7
16515,5
13101,1
16253,2
16242,7
16491,1
14036,1
15667,1
13117,8
17400,5
18036,3
15815,5
12536,3
15152,13
16201,4
16401,12
17706,17
17386,6
16693,2
12722,4
16230,2
16948,3
16316,8
17503,2
17869,5
17486,1
15228,4
12564,1
15386,1
14669,3
16769,1
15593,1
13431,2
15856,27
13248,2
14041,1
14598,1
15940,1
18062,3
16057,7
17974,3
16469,4
16483,1
16682,5
12489,1
16159,1
14860,1
16984,2
16475,4
15540,1
13781,1
15053,3
15922,1
13297,4
14351,1
15950,4
14824,4
12708,10
15570,12
13488,13
14513,3
16148,1
16394,5
17204,4
18129,1
13122,2
15438,1
14904,2
15543,1
14364,8
14606,93
16073,1
14032,11
13344,3
17720,4
16609,7
17692,4
13589,2
12639,1
14608,4
12744,7
16470,4
16348,7
17852,2
17715,1
14327,1
12713,1
18169,1
17019,4
14422,6
16145,11
13098,28
17466,2
15835,4
17730,13
16323,1
13975,6
16473,3
12535,2
14507,6
13988,6
12965,1
17585,4
18191,1
15452,3
14870,1
15364,2
16561,2
15925,1
17094,1
16928,17
16775,11
14051,23
18102,60
17444,3
17819,7
14415,13
14112,7
17785,1
15882,4
17242,2
12980,9
18252,2
15532,4
17176,1
12712,13
12962,2
14775,3
14035,5
12797,1
17871,1
13228,1
17805,1
13295,1
13132,1
15206,4
14013,3
12910,8
16934,2
15829,2
15163,2
16191,13
17447,2
13439,1
12888,2
16637,4
16292,1
16657,4
12937,4
15700,2
17946,2
16917,1
16952,2
13517,3
14453,1
16688,4
14474,1
17817,3
15689,2
15330,2
14436,1
14139,1
17018,2
16732,1
16204,1
15061,48
13983,12
17861,8
12921,37
12589,2
15046,15
15097,1
17101,4
15549,3
13549,7
13000,3
18259,3
15958,1
16516,1
16168,27
13034,2
13236,2
14534,18
18059,3
17295,3
13575,5
13993,9
15719,13
14730,8
14828,3
14088,13
15894,2
16389,4
13531,2
15014,2
18173,4
15388,1
17119,2
15518,8
16055,1
14538,2
13895,4
12749,5
17187,1
15942,1
14975,1
12558,1
17619,1
15159,30
14656,2
15034,8
14210,6
12583,15
12875,2
15865,3
15252,2
15199,4
17519,6
16882,3
12556,2
17886,3
18145,4
17739,7
14040,12
14154,2
17885,1
14257,5
16419,6
18084,1
17033,3
13318,3
17350,4
18068,1
12519,1
12580,1
12857,2
16024,1
13279,1
13229,1
12462,2
18041,21
14861,1
13339,1
13015,5
14077,5
14291,11
16038,3
17377,20
17049,9
14407,6
15508,6
17771,2
17263,1
15347,1
15333,1
14862,2
18133,1
14638,1
13357,1
14089,1
13267,19
12750,1
16558,20
16685,2
13643,3
14988,1
12526,3
16942,9
17702,4
15806,3
16533,3
14591,4
15027,4
12770,1
17531,1
14488,1
15506,3
14214,5
12431,15
15701,4
12432,5
13552,12
13489,4
15276,1
14681,3
12513,1
14297,4
14853,2
15223,2
18123,2
16754,1
15050,3
15746,1
17382,1
17859,1
17325,1
16932,1
14852,6
15435,1
12421,4
14132,11
14404,6
15245,3
15365,7
12473,5
16369,3
14113,4
17135,7
12349,1
14954,1
15984,10
15339,2
15811,6
16591,1
17618,3
15393,2
14785,2
15186,2
17398,3
13859,1
15582,3
14618,3
14451,2
15504,1
13655,2
16400,1
16052,1
14354,2
16573,2
16429,1
17171,1
18015,1
14540,3
14628,2
13093,8
13085,2
15987,7
16949,6
16411,2
17589,4
13951,3
17453,2
14804,1
13717,6
16971,1
16104,1
15747,3
17967,1
12391,1
13521,3
16871,6
16887,1
13868,2
15471,1
14676,6
14903,5
12667,1
15766,1
15801,3
13351,1
14978,5
14757,1
16595,1
17551,1
17556,1
16236,1
17623,1
16311,2
18143,2
12474,18
15602,9
15237,4
17268,4
13689,1
15002,4
12704,8
16610,1
15628,9
15648,2
12828,6
12791,1
16960,3
13168,4
17267,2
17744,6
13397,5
13249,3
12631,1
15208,5
12834,1
12994,3
17155,2
17124,1
13106,1
16006,1
13518,1
18227,1
14020,2
14349,1
15621,4
15059,9
17457,5
15304,8
14841,6
15764,6
15465,18
17179,3
12414,3
12408,5
16967,1
13878,1
14600,1
17866,1
,1428
16458,18
17238,17
17874,6
15587,4
14470,2
14998,2
14972,1
17790,14
13316,4
13596,2
13743,7
16668,6
15544,9
18171,5
15725,1
18018,2
18215,1
14195,2
14205,2
16372,2
13356,1
14350,1
17205,1
12565,1
13571,12
18118,26
15478,2
15704,4
17596,7
15537,1
17682,6
12853,6
13470,2
15724,2
12966,1
17222,1
14847,1
15076,1
14815,2
13887,1
17564,3
13226,1
16895,1
16965,1
13858,1
17433,1
14079,1
14163,4
17675,31
12638,1
18168,6
16393,13
14355,1
12867,7
17157,2
17772,2
15355,2
12442,1
17574,1
12360,3
12574,1
16811,2
15562,1
13428,1
16643,1
15996,6
13533,3
16278,1
17025,3
16907,5
15963,2
17901,1
12346,1
16214,3
12461,2
17894,8
14967,1
16909,1
14338,2
12491,1
17889,2
17680,1
14387,3
15482,12
17313,1
12500,11
14290,5
15098,3
14198,4
17091,9
14547,8
13991,6
12993,4
18037,6
17506,1
17937,7
14216,4
13247,4
12936,4
13583,1
13529,2
13067,1
13712,1
15977,2
17517,1
17198,3
15044,17
17513,1
14603,1
15852,2
16113,1
16305,1
14031,19
13801,1
14495,2
14104,2
13120,1
16780,2
12576,5
16284,2
15639,1
14542,1
12719,2
13690,1
17728,3
15171,1
18044,10
14389,2
13880,13
15547,14
17419,12
15238,3
14643,2
15812,5
18235,3
12743,2
16406,1
13659,2
15145,4
17830,3
16756,1
14052,1
17058,3
14150,2
17976,1
16902,1
16613,1
17609,5
13314,3
15128,4
16745,17
17652,12
18074,1
13784,11
14408,7
16597,1
17560,4
17732,1
14273,4
14500,3
15307,1
17789,1
12644,1
16327,6
12871,2
17698,1
15280,1
14396,2
15753,1
12409,3
15939,15
16353,23
14735,32
16081,5
17394,1
16513,4
14248,1
15074,1
13675,2
16863,2
13630,7
15432,1
12579,1
15010,1
16116,1
17949,45
17757,30
14282,15
12472,7
12481,10
13634,5
12435,2
14472,8
12955,11
18080,2
16747,2
16806,4
13959,3
13213,5
15646,3
13430,2
17980,3
12356,3
12827,3
16587,1
12824,1
13581,1
16805,2
17274,1
13300,1
17357,2
15607,1
16226,3
16185,2
17767,1
14156,55
15114,10
15367,4
15133,3
15241,8
17186,2
16979,6
16767,11
13384,7
14339,1
16536,1
17655,7
13049,2
17629,8
12578,2
13193,1
17330,2
12917,1
12863,1
16247,1
16319,1
14234,4
13456,6
13892,4
14882,2
16098,7
17759,3
12762,2
16446,2
15626,2
13403,1
14896,2
18027,1
14475,3
12654,5
15695,2
13239,1
16716,2
14518,1
14890,1
17948,1
13182,1
17510,1
17843,1
13670,1
14483,1
17705,9
15311,91
14675,1
13509,7
13471,4
13761,2
13654,6
16315,1
15785,5
16655,6
17634,9
13802,3
12879,3
12365,2
12593,3
16122,4
12919,6
13047,10
17806,1
14823,3
13260,1
15057,2
16147,1
12974,1
15870,1
13029,3
12358,2
12877,12
12651,1
16552,2
17572,4
17571,4
14640,6
16820,1
13652,3
13844,1
14657,4
13242,3
15113,3
13514,1
17864,3
15066,1
14793,1
16926,1
18099,1
16014,3
14006,3
17080,2
12562,7
17515,4
16910,8
13650,6
12424,2
14004,7
14649,4
16842,3
17230,8
13982,4
17362,2
16719,7
15797,4
14080,1
17722,4
14403,4
12981,2
14918,2
12904,2
15247,1
13044,1
17899,1
15408,1
15947,1
14799,1
15039,47
15189,41
14126,3
16905,7
13094,12
12567,10
16746,18
17324,4
14524,9
14522,4
14533,7
13466,1
17594,2
14145,4
16120,4
13908,4
17385,1
14208,1
13737,1
15466,1
12729,1
17373,4
13271,1
12650,1
13791,2
13786,1
14152,2
16666,1
13803,1
12821,1
12374,1
18241,17
16764,13
12691,6
13621,1
14508,2
17429,3
18035,3
13447,3
16099,3
12849,2
14968,1
13375,1
15419,1
15463,1
16146,3
16697,1
17615,3
14280,1
13812,3
14276,3
13408,62
13721,1
16829,1
16628,5
13345,1
15901,3
12390,1
13722,3
17760,2
18008,9
14353,1
16612,4
17991,2
17896,1
14548,2
17286,1
13914,2
15379,7
14662,4
18121,2
15752,7
16720,1
12909,5
15916,8
13955,2
18139,6
17636,1
13388,2
16627,1
12956,1
18213,1
12929,1
16826,1
17958,1
16142,1
12475,1
14527,55
15755,6
14001,3
16133,33
15825,1
14716,2
17026,2
16358,4
14434,6
13460,2
12452,2
14541,8
16235,5
16070,2
18087,2
17120,1
18177,6
12531,1
17964,2
14476,1
14382,1
12350,1
12520,5
13579,2
14219,1
13216,1
15823,1
18219,10
15031,4
13050,17
15117,5
14825,12
15668,1
16846,1
13065,1
13321,2
15175,1
16445,1
12587,1
17062,4
15325,1
17138,1
15832,1
17968,1
13485,1
15814,4
12591,1
15889,2
16333,22
16416,3
16457,1
15862,4
18150,3
13629,11
15218,11
13148,12
14952,11
14482,6
13458,14
16880,7
17427,1
17879,1
15018,3
16726,5
12598,8
14143,1
12830,6
14165,1
12808,3
16402,2
13453,2
16770,5
15115,1
13449,1
18040,2
13355,1
15458,1
16761,1
17052,1
14242,2
13810,3
13772,3
15464,1
17888,8
17703,3
13390,1
17884,4
13884,5
13493,2
17567,8
18117,1
14416,2
13452,2
12515,1
18246,2
14204,1
14585,1
15853,1
13099,1
17095,3
18222,1
16424,1
18255,1
17878,1
13657,2
17906,1
18093,4
13752,6
13805,2
14619,1
13291,1
17183,6
12702,1
17913,2
15038,6
13417,2
16016,8
17528,8
17221,2
14645,2
15400,5
15012,2
17736,3
13807,1
18077,11
14905,2
16777,2
14473,2
13255,2
13496,2
15415,1
12445,1
16509,1
15314,1
12457,7
16539,4
12423,8
15230,2
14108,2
13911,9
16929,7
17787,4
14586,1
12561,1
12506,1
17500,3
12613,5
17691,2
14034,3
13927,1
14889,1
15327,1
15649,2
12538,1
14800,12
14038,3
17314,8
13199,38
15194,15
16464,3
13917,2
12353,1
15410,8
17045,3
17873,5
13016,3
15567,1
17812,4
15342,1
16297,1
16218,7
17160,6
13948,1
14880,3
15394,4
14209,6
17669,7
17900,2
15514,11
14818,3
16899,6
15877,2
13146,1
15468,2
17455,1
13177,1
14931,5
17718,1
18183,2
17911,1
15319,1
16856,1
13919,2
17643,1
12989,15
14535,3
17777,3
12679,4
15110,4
18237,5
12925,2
13711,2
15374,1
15243,1
15786,3
17126,5
14431,1
12630,2
13305,10
12815,2
13221,2
17166,2
13008,1
18265,2
14932,1
14551,2
16554,3
13703,1
17742,2
12836,4
14584,4
15530,4
17069,9
13856,3
13869,4
14616,3
13097,10
14060,19
14499,3
18081,3
16351,1
16592,16
17965,14
17505,2
17781,2
14246,3
17291,1
12688,1
15049,1
16461,1
13328,1
16653,2
16080,2
17666,2
12839,14
16187,15
14414,7
13577,4
16495,3
16781,1
17824,1
15329,3
17245,1
17934,2
15930,1
13707,2
16387,1
13418,18
14264,2
16341,4
17043,4
14334,8
18190,2
16678,12
12686,1
13890,10
14385,3
13136,5
15469,2
16377,1
17947,1
18211,5
14448,2
16626,17
15172,5
12775,5
18058,1
17323,7
15106,5
13381,6
12370,4
17550,3
13461,3
17630,2
17111,1
17524,1
13792,2
12817,1
17608,2
14158,1
16893,1
15204,1
15236,1
14725,1
17384,2
14311,1
15457,1
17694,1
15585,1
15505,5
13767,37
17100,2
14620,2
17191,7
13282,3
17483,3
15834,4
13026,5
13615,1
18108,1
13827,3
17935,2
14066,1
17535,1
14237,1
17046,1
15632,8
18092,11
14709,13
15953,8
14891,2
17509,8
13157,4
16891,5
15460,1
12357,1
17898,2
15885,3
14326,1
15322,1
13133,2
13210,1
16849,1
16771,5
17282,3
16992,5
14854,7
13134,4
18274,1
18001,2
15028,4
15232,2
18272,6
12446,1
15652,1
12395,12
17660,1
16018,2
13302,1
13030,2
16634,2
16998,4
17650,1
17995,1
13004,18
15443,7
14217,17
16728,4
16796,1
15809,5
14037,2
17492,1
14680,16
15473,7
17941,1
17932,3
16545,1
14970,4
13681,4
13682,1
17220,14
17939,1
16272,1
16795,1
15783,1
17358,2
15264,1
14887,1
13369,1
15023,11
17768,3
14099,11
18245,7
18283,16
18167,3
14359,3
14578,1
15075,1
17165,1
14930,3
13980,1
15353,2
13200,4
13886,1
13017,1
17850,34
14135,15
16450,1
13800,1
17624,2
17475,1
12766,7
14855,2
17255,2
12640,3
17663,7
15511,5
15277,1
17152,3
17779,3
16784,1
17359,1
13897,1
14624,2
16933,2
16584,2
13341,1
16395,5
15750,8
14452,2
16792,2
16743,7
17006,4
12348,4
16031,2
15058,11
13510,4
12738,1
16020,3
13562,3
16460,3
16773,1
13568,1
13558,4
17978,1
16765,1
15174,1
13118,5
15670,1
15129,11
13939,3
12420,1
15769,26
16221,3
12544,1
16011,16
13680,4
14111,4
15618,4
12512,2
14567,2
17625,4
13748,5
14082,1
14348,1
15043,1
13077,4
18212,1
17499,1
16776,1
16477,7
13486,3
14788,2
16859,2
13845,1
17203,6
15127,1
14964,1
16085,5
12842,2
15898,5
13108,1
13028,2
17254,2
13194,1
18194,1
15640,15
16136,3
16360,6
15368,1
16261,4
13116,1
17750,9
14300,1
12585,2
17522,5
17040,1
16824,2
14505,8
17083,3
16449,2
17189,2
17796,4
15416,4
15397,1
15384,2
14147,2
12364,4
15673,4
14155,1
12648,1
17908,1
18268,1
14314,1
16096,1
16779,22
17031,2
13429,4
17174,1
12864,1
18094,7
15081,5
12428,9
18149,3
13732,1
12665,1
14067,2
14014,1
16040,3
18257,8
14764,1
16566,5
17334,2
12697,3
16062,4
15326,1
15919,2
15800,2
14780,2
17674,2
14231,3
18067,1
13739,1
14164,2
16171,1
14867,3
18064,2
16425,1
17620,1
17153,1
13091,1
14494,1
14659,9
16843,16
14915,2
13700,10
17414,2
15861,8
12678,12
16499,2
12553,10
15453,7
14125,3
13728,6
15944,1
15653,2
18079,4
13627,5
14782,1
15676,3
18228,2
13499,5
12987,2
16494,1
13095,1
14947,2
13678,1
15092,2
14803,3
17060,1
13441,1
12884,1
18086,1
16715,1
17701,1
17109,6
13824,5
13340,7
17236,6
13048,4
16005,4
13145,4
17769,10
14806,1
12463,4
13389,3
15664,1
14241,1
13349,1
15350,1
14411,1
12763,2
15949,2
16404,1
15414,3
12479,1
16364,2
15992,1
13070,1
17752,1
16123,1
12641,1
13414,3
15301,12
16029,63
16271,5
17469,5
18223,14
12381,5
15572,7
14689,1
12615,4
14561,3
18160,2
14684,5
13354,1
15533,3
13814,2
14240,2
17231,10
17164,7
13224,2
13778,1
16318,1
14708,3
17279,1
15007,1
12759,3
16415,1
16629,2
12410,2
16363,1
16722,13
16700,13
17162,10
13330,3
17219,1
13153,1
15125,15
17017,20
13405,3
17700,4
18009,1
14236,2
13900,3
12724,4
15524,1
16065,1
16054,1
12609,3
18224,1
15935,2
16560,2
15343,1
12359,4
13672,2
13804,7
15197,3
14702,17
13320,4
17690,15
15659,1
16180,8
13850,1
16362,5
15757,2
14747,1
13235,1
17293,9
16966,7
14582,1
16357,3
17140,1
12573,1
17251,1
16957,2
14641,1
14174,1
17431,1
16711,5
13940,4
13719,5
15620,3
14550,2
14360,4
15380,5
17173,8
16258,5
15579,2
15777,4
16009,4
13591,3
14295,1
14873,1
16034,3
16793,1
13716,1
14672,2
16617,1
13435,7
16904,16
17656,5
13078,26
16143,6
13963,4
12988,1
14987,2
14331,2
15654,2
18078,2
13155,4
15313,1
18205,2
14173,4
12612,1
15671,7
17870,12
16279,3
16126,4
12931,15
17591,7
16092,3
14897,4
15399,3
15526,2
13311,2
16367,2
14898,6
14753,1
17892,3
12822,2
16480,1
16527,1
15433,2
17440,3
16298,3
14129,5
13012,8
17658,2
14836,3
17863,6
12518,5
18217,2
13092,5
13753,1
17088,4
13322,1
13564,3
13551,1
14512,2
16007,4
14719,5
15215,3
17548,1
16036,2
14271,1
12379,2
13667,1
15717,1
14426,10
13233,2
14607,14
16306,6
17848,9
13695,15
13186,3
15178,1
13450,6
15213,2
17800,9
16900,3
12787,3
13238,4
14520,2
17011,1
13740,1
15156,3
13482,1
17035,2
15154,1
17034,3
13370,1
16611,1
14440,5
16550,5
16407,10
12539,4
17243,26
17068,21
15656,4
12571,2
15843,1
16794,10
16172,5
16624,2
12633,4
13718,2
12736,1
14039,1
13481,5
14646,73
12621,20
15948,2
14665,5
12388,6
17434,7
14573,9
13635,1
15308,1
13348,1
13686,1
16399,2
12534,1
17374,2
14690,2
15266,1
14068,1
16569,1
12493,2
14059,1
17881,1
16923,19
12532,1
15078,32
12620,3
13928,4
13668,21
13230,14
16438,5
15985,2
17865,20
13563,2
17214,6
13240,4
16091,2
15576,1
15184,2
12586,1
12418,1
15149,1
16025,1
12617,1
14395,9
17042,5
16788,2
14457,1
16735,5
15603,1
15484,4
15721,1
17786,2
13774,1
16441,2
13364,1
14666,1
17379,1
12378,1
16990,1
17764,2
12441,1
14406,1
12581,1
15089,6
12700,4
16518,2
15903,7
12363,2
12838,2
12970,4
13780,2
16170,6
13507,4
14834,6
18250,1
14272,2
16803,1
16202,1
15167,1
12950,3
12772,1
16010,3
15042,1
17443,1
17085,5
13283,2
17930,5
13881,20
12478,1
16633,6
13365,2
12947,6
13343,1
15674,5
12995,1
16216,1
16418,3
16215,1
14817,2
14222,1
13379,3
16986,2
13922,1
13826,1
17428,28
14794,7
13268,11
16884,2
14484,1
15068,2
13931,2
15970,1
14048,1
14159,11
17461,3
14107,7
15022,4
13319,26
17595,2
17027,6
16128,5
13860,5
16434,7
16309,2
17128,1
14497,1
16127,1
15118,1
16282,1
17727,1
17579,3
13474,1
13806,1
15063,1
14796,17
14937,3
15527,8
14842,4
16414,2
16681,6
14146,5
17580,3
17197,1
16647,2
15079,4
12488,3
14768,2
14912,2
13244,1
14386,1
13662,3
18260,6
17381,29
12627,7
13651,2
14071,8
14383,3
17339,2
14335,2
13362,4
17799,10
13755,9
12957,8
17146,3
15265,2
13135,1
15743,4
14851,2
16690,2
12480,4
17320,3
15005,28
17576,19
16750,5
13952,2
14705,1
13083,2
13614,4
13821,2
16105,1
12703,1
14539,2
14737,3
14196,1
17711,2
14504,4
17458,1
17365,8
13710,1
15344,3
12676,6
14211,9
13899,2
14778,2
16531,7
13882,5
15444,2
15796,8
13115,4
15422,2
17495,2
16734,3
16217,2
18249,1
18112,2
14601,1
13976,1
17534,1
17278,1
18184,1
12449,4
14682,2
12464,8
16211,1
15406,2
17725,11
13610,7
12546,2
13350,2
18181,1
15679,4
14722,1
14076,1
12592,2
14792,1
16603,2
17578,1
15498,27
16173,6
16701,13
14929,1
16667,2
15210,1
13636,5
14305,3
13124,3
15120,1
12541,3
14130,1
16378,3
16650,1
16432,1
12550,1
17123,1
17530,10
14594,2
14739,7
14901,9
13809,1
12540,17
16692,2
14021,3
14247,1
16892,5
16996,6
16674,2
16107,7
16287,1
16496,3
17738,4
16789,1
15287,2
15227,5
13663,1
14700,3
18189,2
16725,7
17523,4
17406,3
13527,7
16814,21
15214,8
12831,1
12545,2
14057,17
15434,5
16108,1
15680,3
16669,3
16208,2
12625,2
15087,1
17022,1
15142,1
16050,1
14697,2
16384,2
13391,1
14878,9
13599,21
12845,4
14553,5
15756,4
12944,2
14748,5
15665,2
13082,9
18013,2
13327,8
13705,3
17086,6
12758,2
16528,1
16936,1
14027,1
13656,2
16881,1
12577,3
15220,6
16898,3
13140,3
15160,1
13064,4
17133,7
17664,2
16852,2
17891,1
13606,3
13704,9
13187,1
16124,1
15448,1
17616,3
14923,1
13151,1
16850,1
13819,3
13102,24
16161,19
14189,15
15358,22
16729,21
12728,4
17432,2
17338,8
17667,5
16059,6
17912,5
18136,3
17887,1
15158,1
17122,1
15006,1
13569,2
15396,1
17232,2
14981,1
16758,1
16709,5
16710,10
16239,2
17758,8
12942,3
15107,6
14127,3
17686,7
15821,2
13173,2
13396,2
15597,1
14971,3
13011,1
16430,1
13525,2
12690,1
15269,1
14238,1
12637,8
14661,1
17090,7
13715,5
16639,3
15541,1
16567,2
14341,8
17047,3
14206,1
16233,3
15300,1
15185,1
14424,1
13462,1
14566,1
15762,2
15143,1
12415,21
17604,2
17867,6
13709,13
15140,7
14443,4
14530,6
13759,2
14083,9
14116,5
15910,8
16426,10
17552,4
13889,1
18202,3
14506,5
16163,2
15201,5
14631,3
17096,4
17252,2
14362,1
18120,1
13062,1
17139,12
14866,12
17450,46
12645,4
13014,10
12383,5
17015,3
14442,2
15669,4
15392,4
16376,2
13189,2
13479,2
17405,3
15099,1
14651,2
13561,1
13090,14
15021,9
12915,2
14503,6
13546,3
13723,1
15623,1
17832,1
13218,1
13947,1
16903,1
16557,2
18200,1
12818,1
16931,21
13956,5
15373,12
18273,3
15709,1
14227,10
17061,11
14653,7
12779,8
13750,5
14859,4
12433,7
15880,1
12434,2
15561,4
17696,8
13978,2
13159,4
16350,4
15030,2
14761,2
16498,2
16517,1
15475,1
13934,1
14243,10
15298,12
16542,1
15714,2
15054,2
13626,1
16656,15
15095,4
12689,2
17409,2
15488,1
16275,1
15381,2
16727,1
16938,4
13366,1
14623,5
16778,2
12890,1
12508,2
17614,1
16072,1
18042,1
12450,2
12628,3
17719,15
12596,2
17749,2
15521,8
16427,2
14201,7
12710,3
15261,1
15407,4
17797,3
18019,1
18066,1
14821,1
18106,1
17670,1
16403,1
14629,2
18146,2
14233,4
12624,2
13298,1
17960,1
15249,13
15048,4
13632,5
13941,5
13475,4
15845,8
13121,1
14844,4
13505,4
18242,4
17893,1
12928,5
16742,1
12802,1
13853,1
12790,1
13885,2
16084,1
15212,1
15606,9
17857,23
16245,3
13741,3
13590,6
13451,5
13160,1
17343,1
14012,1
15661,2
17747,1
15891,1
16302,1
15366,2
16210,18
13208,6
15707,4
12560,3
16368,2
13925,4
14960,2
17990,3
14581,1
15047,1
17131,5
15512,2
14973,3
12430,1
16833,4
13731,2
16493,4
15041,1
13169,2
17628,1
16644,2
18229,20
13069,24
14259,1
12901,28
13971,8
15933,3
14673,5
15033,10
17923,1
17526,4
14299,9
13080,1
15179,5
13863,1
17175,4
14428,5
14438,1
16614,1
18280,1
17107,6
12569,32
14704,9
13969,18
13602,1
13871,13
16976,1
16083,2
12963,8
13061,1
16325,3
16479,2
12716,2
12783,6
15554,1
14701,9
13513,1
14342,4
16398,2
12660,1
17436,2
15837,1
14907,7
16033,20
16042,5
14050,2
13427,3
13059,1
13799,2
15768,3
16717,6
13999,12
12614,1
16511,3
14373,1
17987,1
16385,3
14950,1
12832,2
13419,1
18004,1
13103,1
13756,14
16589,3
12417,9
16838,2
12823,5
17063,7
13883,5
14388,8
14306,2
12997,4
14226,5
16190,1
14754,2
15153,1
12670,5
15135,1
16268,2
17765,3
15000,1
12425,1
17936,1
14441,4
15528,1
18016,5
13113,24
17024,3
15192,3
13198,6
16101,1
14121,4
15722,5
17084,2
13870,8
13758,7
12778,6
15306,3
12714,5
14913,4
12371,2
15630,2
15168,1
16106,1
15553,1
15124,2
12829,2
12812,1
14304,1
17763,1
14951,1
17333,1
13394,8
12695,4
16817,9
17370,4
16079,3
16638,10
13930,2
16174,3
15897,2
15971,12
17816,4
15035,1
13638,1
17507,2
15758,1
17456,1
14329,7
15737,8
16593,3
14133,3
13979,1
14251,5
15165,1
17714,1
14023,2
15489,3
15297,3
15423,1
14885,1
17914,1
13223,2
17309,1
12720,25
15969,3
15291,15
15389,1
16961,1
17262,5
16759,3
13600,1
13334,3
14636,2
15019,1
14633,1
16812,1
15683,1
14262,8
13727,2
15681,5
13708,1
15657,1
13484,1
15839,3
17289,3
14185,1
17235,2
13618,1
15513,19
16308,4
17115,3
18226,11
13149,4
13647,4
16730,3
18010,1
13888,2
14480,1
15288,5
16520,3
15993,7
17290,2
14212,1
15467,3
16066,5
17553,1
15032,3
14784,2
14397,19
14765,3
17218,10
12394,2
13588,9
13502,3
13697,1
12856,6
15706,4
17802,3
16109,2
16412,1
17925,1
12707,1
15025,1
12902,1
12923,1
17449,7
16337,1
15065,4
17633,4
12492,2
13001,13
15734,2
15732,2
13929,2
16440,5
14171,1
15372,1
16808,2
17724,3
15608,4
12398,1
15847,2
12397,2
15975,1
14489,1
15412,1
13338,1
16620,2
14572,7
16607,14
14390,9
16156,9
17248,1
14371,1
12684,7
17228,8
15822,2
17734,3
12814,1
13171,3
13986,1
12672,1
17831,1
17514,1
16642,2
17684,1
13937,1
13185,1
15385,1
14459,1
15571,4
14412,2
13631,11
17511,31
17856,4
14298,44
17364,11
15122,3
17520,1
13425,3
17835,3
16207,1
18126,1
15121,2
15088,2
16848,1
17929,4
15663,1
12953,1
15677,1
13043,1
14908,1
15773,1
15510,1
16583,1
15222,1
13436,1
15692,1
14368,1
12610,5
15810,4
13901,5
14562,18
16321,5
13035,2
17288,7
14498,5
18082,1
14798,3
13666,3
15181,3
18022,1
14446,4
18179,6
14569,1
13131,3
14485,1
18277,1
15886,1
12497,1
17512,10
18225,12
16205,4
18231,5
12454,1
14078,6
16659,1
16485,1
15945,1
15699,1
15994,1
13253,2
14184,1
17247,1
17640,1
15136,4
17408,1
17356,1
12784,2
18164,1
16359,9
17659,12
13058,3
13831,6
14270,1
15609,1
12876,2
17110,1
17601,1
16468,1
13246,6
12938,1
16260,1
13953,7
15739,1
13848,3
14321,5
13918,2
13865,4
16423,1
13079,5
14959,4
16374,2
12739,2
15492,2
13196,4
14175,3
13336,1
12551,1
18263,3
15523,1
13358,1
13790,1
13816,2
17054,5
16365,9
13777,33
14223,3
12844,2
13822,2
18061,10
14286,3
15195,1
17668,2
16551,3
12789,1
15551,1
16152,1
17303,1
12748,209
13769,10
17540,2
15805,17
13174,3
14995,2
16708,1
17372,8
12674,4
12646,2
16951,3
13762,1
14920,2
17134,2
15320,1
13787,2
15335,1
14491,2
15830,1
15052,1
17340,11
14515,6
17897,3
15867,15
17651,10
15611,13
18270,2
12843,8
14544,2
14934,2
15749,3
14916,4
16555,2
15417,1
16906,4
16737,1
12816,2
13866,1
12847,1
12872,2
15299,7
14755,11
15500,4
16919,11
14976,7
17425,2
17351,3
15036,3
17188,7
12811,3
15493,5
14609,4
17144,2
17480,1
17411,3
17227,6
16625,1
17368,8
16451,1
17403,1
14019,3
14109,1
13245,1
16586,1
15802,1
15351,7
17940,10
16660,4
12764,1
14224,4
17716,11
16915,6
16830,1
16875,5
13984,5
12734,1
12380,4
13572,1
18127,3
12669,3
14029,2
13877,1
15361,1
13272,2
15610,1
13570,1
13018,28
13492,3
14667,25
12557,5
13141,5
15552,1
17537,2
14352,4
12517,5
13854,25
13476,2
16198,1
16182,4
13926,1
13933,2
14740,3
16914,1
17451,7
12510,2
18056,1
14953,1
17237,2
14549,1
12769,1
12976,1
14552,1
17735,19
12426,1
15932,8
16679,1
15708,7
17371,3
12753,6
13924,6
15838,19
14114,2
14595,6
13162,4
12781,2
16112,4
13548,2
14886,1
13033,1
12618,1
14756,1
13072,1
17654,1
14626,4
15182,2
13184,10
14093,1
14005,5
14805,4
15442,1
13310,3
15729,1
16256,1
15712,5
17311,2
18276,1
15776,1
12792,1
15428,1
17181,2
14460,3
18185,1
16978,1
13962,2
13522,1
16356,3
13270,1
18203,1
13013,13
14502,11
16712,11
13592,4
15550,4
15759,3
13437,7
12990,3
16409,5
16705,20
17426,6
17979,4
18196,2
14356,2
16212,2
16739,1
17442,6
12977,1
14400,1
18287,3
17649,1
15556,1
13142,1
15045,2
17877,1
12681,22
17880,1
12718,1
16037,3
17920,17
14312,6
13266,12
18230,7
14267,3
14758,4
16454,2
18069,5
16293,10
12642,3
17354,1
13294,2
13532,1
13747,1
14176,4
13503,1
13385,1
16752,1
15341,1
17597,1
17795,2
12455,6
16866,3
13212,3
13950,4
14772,1
14560,22
15782,3
18210,6
16686,7
13167,4
18281,1
13055,3
18119,1
18138,1
17997,8
13692,3
16989,6
16940,3
13211,3
14857,2
15437,1
18204,3
15678,1
16841,6
13764,3
14849,25
15687,9
16654,4
17695,2
14309,9
16618,5
15981,8
14710,4
17827,5
15016,1
17490,7
16855,2
16983,7
13593,5
12403,1
15799,3
16546,2
13332,1
15211,2
16616,2
14218,1
16248,1
13227,1
12794,2
17481,4
13448,6
12939,8
15507,1
12668,4
13165,2
16249,5
17590,3
13410,5
18142,2
13323,5
15525,3
15951,2
17349,1
14910,4
13744,2
13649,2
13352,1
14199,1
17387,2
13068,2
17298,2
16471,1
17942,1
16135,1
14820,4
17306,19
13846,3
16482,1
12657,4
17050,6
17905,4
15754,3
17348,5
16225,5
12458,2
15675,3
17256,2
13673,2
13263,35
13209,8
12427,3
16556,7
13309,5
15545,2
14868,8
13534,25
17194,2
13421,2
17418,2
12501,1
16877,6
17921,4
18176,1
15625,4
17234,1
15872,2
12721,6
17644,11
15641,4
16276,1
12623,1
17030,1
14215,6
16342,4
12483,8
14421,2
16456,5
16836,2
14745,5
18017,3
17612,6
14924,1
14957,1
16330,3
15450,1
17376,2
14081,2
18095,2
16535,1
12930,2
17082,2
17037,1
13402,2
14301,1
17217,1
13002,1
16193,1
15109,1
15251,11
16782,13
12685,6
17828,4
14639,6
17581,25
17422,6
12405,1
16157,3
13376,3
17229,2
14731,3
17975,13
13506,2
13411,1
13176,1
14664,2
13815,4
14002,2
13849,2
16484,2
14727,1
13434,2
18233,1
14277,3
18154,2
13006,1
14840,1
16897,2
12851,1
14288,1
12643,6
15134,8
16945,19
12883,4
18135,5
14256,2
17360,3
17212,1
14795,1
13325,1
16448,1
14816,1
14962,1
14966,1
12514,1
14142,1
14046,1
13989,2
13359,1
12683,15
14047,5
12594,10
17472,3
17858,12
14577,4
15804,13
15281,9
14487,6
14340,1
14138,2
17460,6
16768,3
12752,1
12588,1
15411,4
17838,5
13495,5
16110,3
13278,1
17102,1
17498,1
15863,2
16447,1
16422,51
17416,7
12878,2
12647,12
15605,5
14696,7
14178,7
15988,1
12484,6
16086,5
13725,8
12952,4
12507,3
16003,5
16757,1
13658,5
12740,1
16955,4
14087,1
17002,3
13032,2
16988,1
16281,1
14346,2
15813,2
16982,1
14946,1
13075,1
17954,12
13107,4
14179,2
14235,5
14985,2
15522,2
13138,6
16873,6
13742,12
14463,3
14022,1
12658,1
14893,2
18114,1
12920,1
18251,1
17272,4
17676,6
17707,2
17454,4
13669,2
16380,1
16581,1
17569,1
17919,1
14576,1
17846,1
18122,6
15139,2
12886,2
12726,7
16186,12
13538,7
15787,3
12528,6
18236,6
18262,1
16980,2
12826,7
15874,7
14232,5
14883,6
14285,4
15568,3
14537,1
16658,1
17159,3
12653,2
14688,21
15235,12
17169,2
17315,38
13137,8
18155,3
14379,2
12906,5
13110,7
14467,4
16823,1
16790,6
15226,1
16177,1
18232,4
13467,2
13837,2
15589,3
17621,3
13307,1
17468,2
12833,1
17079,1
15286,1
13217,3
14698,5
15858,5
15869,2
16324,3
16837,11
14621,5
12465,2
16872,3
15123,2
15978,1
12352,8
15866,1
12693,4
15864,6
12866,1
13519,1
13395,1
15316,1
14517,2
13985,15
15578,1
15246,2
16598,1
15271,15
16139,3
14357,1
13867,3
14250,3
16349,1
17671,4
15256,1
13373,3
15555,16
13089,97
13324,10
16188,4
12999,3
16023,3
13464,1
17646,3
16504,1
15917,1
12604,2
13501,1
13147,4
17375,3
15424,2
15349,2
13617,3
14902,1
16804,3
15826,3
16162,1
16433,1
16641,1
14073,1
15436,3
13296,1
14911,201
12616,2
16570,10
16987,7
14024,2
15539,1
18033,1
16169,4
18110,1
16713,15
15472,1
16361,4
14320,2
18073,12
12456,3
12361,1
17250,2
15791,2
14511,5
15748,1
17957,1
17791,1
17226,1
17105,2
13512,1
13127,1
17733,2
14762,1
14000,1
16093,1
13699,1
15900,1
14258,9
13021,9
15198,2
14738,7
17163,2
13258,3
17367,1
14691,5
12897,2
17329,2
15690,2
13808,5
17118,1
14053,2
13560,1
13823,2
16320,2
13455,2
16354,2
14162,2
16763,1
12552,2
18172,20
15205,2
13536,7
17284,6
14167,4
13491,10
15272,2
14456,9
15921,1
17117,1
17761,1
18158,2
15643,3
16718,1
14789,1
18239,5
16121,2
17951,3
13587,1
14529,3
15456,3
13304,1
15147,1
16950,3
13990,1
12619,9
14759,3
15596,5
17642,2
12377,2
16478,3
15279,1
14090,1
16619,1
15836,1
16963,1
13771,4
16026,1
12584,9
13005,2
12747,11
16689,2
17673,6
15763,2
17317,3
17582,1
13973,1
14819,2
18159,1
14481,2
15803,1
17631,3
12673,2
15899,1
13603,1
16213,1
15180,1
15144,17
12924,4
17459,2
16241,13
12572,2
17854,2
15998,5
15990,2
17956,1
15148,1
13763,1
15395,1
16488,3
15427,3
12891,3
14729,1
15775,1
12984,1
15255,1
15315,2
18269,1
14045,4
17961,39
14401,13
18065,14
15225,1
15622,9
12412,3
16463,4
16332,7
12547,2
15318,1
16825,2
12967,2
15907,3
17829,1
18216,1
17962,1
13382,1
15955,14
15502,12
17841,124
16672,20
14161,3
16851,3
17723,6
16652,7
14543,16
13158,4
12477,6
12635,2
16525,26
17078,2
13299,1
15101,2
12521,1
17849,4
12603,1
16582,1
14965,2
17206,1
13938,1
13972,2
16045,4
14239,11
18198,17
15660,9
15952,4
18005,2
13760,2
17302,5
16184,6
13607,1
16832,3
13280,3
13894,3
17410,5
17125,1
17557,3
14865,2
18165,1
15807,3
15104,2
14393,1
12735,2
17693,1
18104,1
12985,2
16344,1
13949,6
16600,6
12498,3
15883,2
17004,2
18072,1
16816,4
15009,3
17491,10
13639,1
17653,4
17731,4
14741,6
15577,3
14632,1
17555,2
17489,2
13259,1
14098,1
14869,2
16179,1
15612,2
16912,11
15986,1
14293,4
15067,3
15581,13
18116,8
15624,4
14092,14
13520,6
16160,2
17516,5
14790,4
16347,2
18261,2
12820,4
13862,8
13555,4
13566,2
12908,2
14016,4
14622,1
17038,1
13828,1
13144,1
14583,5
17994,4
14221,9
14261,2
14948,6
16869,4
16343,2
12798,3
16222,1
12386,2
16519,2
12590,2
17697,1
16810,1
16943,3
15819,4
18151,2
17470,5
14652,1
13023,2
15312,4
12372,3
16621,4
17412,7
16818,11
14149,1
15565,2
14670,2
18125,4
13754,2
14963,5
15303,1
13037,3
14699,1
12468,2
16748,5
17648,4
15730,3
13936,1
15360,1
13876,1
17770,5
13573,2
12945,1
14323,2
15937,1
14894,1
14466,7
16523,21
15601,14
12809,1
12524,8
13576,18
13995,5
12649,3
13974,1
17064,3
15774,1
13565,2
17073,4
14692,4
17010,1
13308,3
16149,2
17239,1
16665,1
14055,1
15854,12
16847,1
16019,9
16444,4
12490,10
14895,20
17233,1
13130,1
18034,2
16206,4
16229,2
13269,15
16102,3
15258,2
18101,2
16181,1
14625,2
17361,3
16858,1
17321,2
13273,1
15592,1
13932,1
16807,3
16474,7
13277,4
12599,7
14655,4
16462,3
16183,1
13178,11
17092,4
16563,1
14875,2
12402,1
12855,1
15376,3
15239,2
12527,3
15421,4
15103,2
15119,1
17862,1
16345,1
16594,1
15289,3
14557,1
15017,1
17561,1
14432,6
14711,11
16809,5
15150,10
13363,2
14449,4
15965,4
17839,1
14766,6
17986,1
17051,1
14409,6
17075,4
14381,1
17158,3
14220,2
13598,1
12522,2
17266,3
15090,1
14810,11
16041,3
16227,1
12949,8
13265,5
17402,13
15240,5
16203,4
13842,9
13684,1
17970,1
13515,4
15831,3
15723,1
15445,1
16676,4
17977,1
14850,1
16953,1
18220,1
15494,2
17501,2
14009,2
17973,1
14157,2
13833,1
16602,1
14723,6
13893,1
18109,26
16008,3
14936,8
12413,3
13539,3
16670,11
15517,1
17611,15
15744,1
13473,2
16392,1
12732,1
14418,3
14427,2
16313,2
12733,1
17917,3
15321,3
16030,1
17344,1
18144,12
12438,2
17860,1
15694,14
12656,5
12600,10
12502,5
15644,4
14546,5
13645,1
18097,6
14188,6
16379,4
15193,1
15888,1
13243,1
12852,1
16956,1
14413,1
13835,4
13611,3
17048,3
17602,6
13183,9
15402,2
14229,3
17287,7
16723,2
15780,3
16529,1
12754,3
16017,1
17180,4
16696,4
16063,1
16322,2
14493,5
15275,1
17746,1
15615,23
13404,2
14732,8
17593,5
15290,18
15187,16
13813,4
16115,8
17404,15
16918,6
14769,8
16497,6
15912,2
16442,3
13192,2
17007,6
16762,3
14921,2
13487,3
17341,3
17704,2
18156,2
15713,2
14829,4
15520,1
16405,2
17788,2
18192,1
15705,1
12982,1
14693,1
16071,1
16013,47
17562,7
16959,1
18180,6
12399,4
12968,1
16927,3
12451,5
14110,12
15857,1
17855,1
16153,5
13232,7
17041,3
14593,3
16141,1
12448,1
16200,2
15257,1
14974,1
18045,1
15703,1
17301,1
17211,8
15529,11
13126,8
16755,3
14461,3
16209,5
17527,4
14344,8
15069,1
14049,4
16753,1
13203,4
12756,1
12680,4
15820,1
16270,1
13284,1
17142,1
16751,1
12354,1
16878,1
15980,3
12476,11
16144,1
17672,2
16140,2
13735,4
14191,13
15808,4
17114,8
15483,4
12375,2
12701,2
18130,3
18188,3
15720,1
15745,4
13276,2
13736,2
15449,3
13642,1
16022,1
13851,3
16103,6
13798,57
13161,1
12437,18
12933,3
12793,2
14194,21
15334,3
16889,3
15598,1
16250,2
12406,2
17299,4
17415,1
14597,2
14984,2
17844,1
13874,1
15480,1
15645,1
14447,5
14528,1
12912,5
15789,1
17931,2
15346,1
12602,1
12840,4
17446,2
16097,1
14307,6
14479,2
14265,2
18048,2
17999,2
16340,1
15244,2
17383,1
13262,1
14592,3
13637,3
13292,2
15691,1
16623,1
13954,2
17201,1
13557,2
17988,7
12664,9
13317,6
12516,2
16049,3
16164,3
16466,7
15569,5
18055,10
18032,1
13706,1
12795,1
16997,3
13817,2
15573,2
12785,1
14100,1
16883,2
12971,86
13420,2
16744,7
12682,31
12922,1
15881,5
15976,2
14712,3
15274,2
12407,5
15793,3
17337,4
16714,3
12422,3
15356,10
13841,1
15574,4
14863,1
14881,1
17464,1
18006,1
17521,3
17277,2
16572,3
12916,4
15860,8
14744,7
12444,5
17600,1
14856,3
18178,4
14015,1
17076,3
16596,2
15651,3
18011,1
12991,2
17391,2
12622,1
17538,1
