CustomerID,total_price
17420,598.83
16503,1431.93
15727,5178.96
17389,31833.68
15447,155.17
14450,483.25
13623,747.78
13285,2709.12
16339,109.95
14570,218.06
16386,317.2
16861,173.76
18024,389.78
12940,913.54
17679,1992.11
16574,451.44
15957,428.89
13832,52.2
15619,336.4
15790,220.85
15100,876.0
16916,576.26
12471,19824.05
14514,1055.35
16500,400.86
12626,6620.48
18161,1618.69
15967,418.83
14465,1058.62
13261,944.1
18218,662.08
14075,942.26
14536,171.8
14148,157.2
14423,265.2
15004,1246.32
15254,300.36
18282,178.05
12715,353.86
17172,317.76
12611,1193.32
12367,168.9
17809,5411.91
15738,4812.42
12393,1582.6
16791,1721.78
15296,3672.86
17708,267.08
13875,1786.79
14289,911.26
14377,617.05
17754,1772.26
17775,56.4
13060,307.53
17783,283.47
15655,560.67
18221,1041.61
13601,693.32
16283,1570.81
14837,1649.5
14997,546.2
17837,1593.38
13207,250.26
14420,387.52
16924,846.75
13483,140.34
16680,183.7
17044,948.48
14714,160.19
17223,426.79
18043,559.51
13898,155.93
15382,5955.71
14315,2481.13
16224,1295.3
14958,499.68
13508,110.97
17193,1699.3
16828,128.5
15604,216.39
17712,522.91
13188,114.6
13329,789.0
17950,482.2
14713,2666.36
16565,173.7
13225,6463.84
15535,536.4
14779,386.15
14770,876.42
14944,5900.25
16094,1078.23
16232,990.88
17190,444.74
15292,180.94
13398,457.34
16117,232.21
16706,531.35
14660,285.74
15429,397.35
17154,329.34
16999,484.82
13504,295.93
12607,1579.51
13923,351.13
15740,154.88
17836,110.21
14752,389.64
17346,2676.56
13468,5704.97
15070,106.2
16510,248.1
15221,403.25
16985,5464.12
16549,4154.64
16027,934.62
15146,1327.16
15026,469.0
17438,388.45
15594,1771.78
15462,234.6
12694,869.67
16526,290.36
13500,1166.77
14124,419.58
16119,423.36
14054,92.46
16295,1328.55
16506,90.3
15983,1475.02
15827,1836.09
17677,16363.23
17213,2781.23
14030,2360.09
16255,2619.91
13313,1555.32
12530,1662.28
15781,345.46
17613,4559.15
14477,1309.6
14245,1693.45
12717,1030.98
13544,291.41
16257,46.95
15584,725.11
15216,96.6
14284,595.25
16601,244.8
16505,777.6
17904,191.67
17924,2962.5
16835,180.85
17396,7330.8
16954,2085.08
15157,1936.07
17392,457.91
14532,932.85
12727,3980.7
12559,561.71
14760,89.2
17462,675.69
16766,1145.6
16947,406.48
12757,7857.1
15348,158.04
12723,725.07
17502,689.1
15634,243.55
16800,1201.49
18174,104.0
15973,307.82
14437,63.0
17969,228.2
17525,422.7
15164,843.05
12523,1789.77
15270,2379.49
17774,1225.41
12401,84.3
16317,1341.65
17972,136.04
17926,397.29
17265,562.9
12436,509.01
15091,480.71
16648,290.66
18014,166.42
15904,164.68
15658,1024.1
14085,4448.54
17430,265.76
13494,316.26
17639,108.5
13046,629.31
13516,1389.41
15491,3100.09
13003,149.05
16813,1692.98
17554,1952.45
13967,80.7
14658,247.15
17253,178.26
15093,4597.02
14589,39.75
15497,1262.2
16738,3.75
16913,113.44
13751,296.25
17388,1259.56
14064,1353.74
16801,1619.73
13720,799.9
17588,1240.2
13994,2313.14
14332,866.31
12384,585.27
16968,439.43
14801,193.14
15557,473.65
18085,689.95
16274,357.95
15716,1118.81
16125,289.35
12755,3811.95
12494,1246.1
12782,2330.92
13368,623.4
14715,867.38
12854,1324.5
14935,1784.71
17508,387.31
14336,1614.91
16721,292.47
12355,459.4
12837,134.1
15850,238.85
18193,243.76
17347,228.96
12566,351.65
15637,223.36
13594,396.97
18030,230.65
18105,113.48
13066,470.8
13170,116.01
17397,696.41
17001,3989.57
16532,6748.8
13782,912.0
14101,5976.79
14501,251.21
14044,652.82
14410,1105.07
12362,5226.23
13220,819.29
15116,1352.75
15130,330.11
16671,1692.27
13745,300.04
17353,1740.0
16189,215.48
13960,230.22
16930,380.55
15844,130.74
14703,318.17
16244,1522.75
14180,4748.52
17059,3095.04
18071,453.0
14525,4332.2
13027,6912.0
14555,324.14
13904,332.64
17678,298.11
12447,476.49
15840,355.56
15253,918.2
13109,786.54
15795,610.01
13726,1079.66
15398,1345.53
17647,133.06
14554,2381.04
18240,422.58
17297,131.78
15060,303.09
16455,1841.18
16839,16594.35
14733,9585.91
16265,5447.0
15503,147.09
17890,602.09
14776,2538.3
17147,1714.59
14056,8214.65
15234,197.0
14367,9261.52
17955,557.3
14117,90.0
14687,628.38
13045,305.28
18278,173.9
14642,96.12
17081,290.16
15096,219.39
16366,327.3
15923,127.08
12913,2483.63
13104,1098.48
16043,773.99
12373,364.6
13873,389.6
13166,417.2
15733,162.3
17542,170.75
12948,2064.95
14647,243.22
14177,559.41
12548,95.2
15105,2298.93
12453,707.09
12885,1175.22
16053,1511.95
14141,915.13
14496,538.81
15260,1810.77
12725,427.8
15332,1661.06
18113,76.32
15024,1661.33
14419,1058.06
15062,987.86
16684,66653.56
15262,178.95
17463,1896.41
15855,712.24
13139,5064.94
16175,1037.59
13052,348.15
18248,804.02
16774,661.52
15219,305.75
16012,1415.29
17070,312.14
17148,124.88
15531,2007.44
12868,1607.06
15426,1447.39
13523,3964.88
14062,10464.85
16553,5719.82
12705,6868.29
16885,471.51
16326,3110.96
15370,2386.05
13301,618.09
12582,511.36
15071,982.07
12597,3811.22
13946,561.57
15132,977.93
16834,413.46
15073,1043.41
17709,137.45
16178,197.9
12865,1568.23
17637,547.06
18147,179.34
15263,156.51
18096,911.15
17737,168.24
17244,954.9
13081,28337.38
15841,1224.06
12601,577.06
14644,830.76
16078,79.2
15906,1567.69
17312,644.3
17053,498.48
17584,1242.3
14720,663.81
13416,712.5
17014,586.33
17549,148.86
16015,705.39
16056,664.85
16352,494.44
13040,676.99
14140,935.05
16000,12393.7
15485,2575.0
16150,2053.02
13838,691.73
13497,348.05
14961,7044.68
17496,271.05
15203,1827.8
13038,908.46
16571,1421.69
15918,334.23
13524,680.18
16266,861.89
15599,761.74
16969,650.41
16338,214.8
15051,1391.61
17573,380.6
17813,1770.88
13347,341.36
16243,409.1
17895,98.0
12893,188.14
13992,76.8
17985,634.95
12662,3849.78
15363,326.0
12731,18895.91
15563,1400.44
12951,1064.07
17071,2429.03
16431,642.81
15083,88.2
17928,212.54
15440,383.68
14888,369.2
14287,176.63
15405,349.1
14375,257.68
14808,2741.17
13730,752.6
15920,167.5
14096,65164.79
14333,415.2
16413,262.2
15345,393.54
12504,482.05
12659,91.68
17793,323.04
12347,4310.0
17097,954.42
15224,322.08
15454,179.1
14871,522.38
17811,7837.73
16303,5360.63
14439,2661.24
13477,1454.58
13811,814.5
17029,716.0
15108,1300.25
17423,698.41
18170,980.31
17345,537.74
15267,1717.36
13372,378.64
16240,3718.8
18088,167.67
13685,3119.44
17545,645.96
14345,108.98
12882,1463.04
18209,139.1
14813,155.43
17259,603.37
12709,9736.52
14565,3099.12
13426,3641.32
16134,618.09
15938,404.58
13584,142.4
12509,176.5
14292,4871.93
15636,724.76
14193,853.39
16383,668.36
17966,1098.43
14128,637.5
16698,1998.0
16370,1320.56
15909,191.94
16114,135.75
15895,179.17
17331,175.2
13644,2624.26
12895,372.8
17603,394.72
13422,2626.3
16921,169.79
16048,256.44
15111,1567.48
12841,4022.35
12429,3750.4
18075,2611.75
18050,74.4
14462,2004.02
17504,2997.03
12873,374.0
17883,671.77
16131,3506.54
14105,1266.23
17536,76.5
17984,152.68
18053,300.02
14317,508.58
14102,1360.28
13694,65039.62
17685,3191.53
14587,1601.14
12652,919.98
15696,2736.46
12935,2160.7
16515,1627.13
15974,3442.15
14036,626.65
16242,3603.21
12881,298.0
16253,3683.86
13101,101.19
16076,2234.73
14523,241.09
14830,197.13
16491,731.5
15516,62.43
15667,301.32
17566,901.21
13117,984.91
17869,428.18
17706,10504.49
16316,2938.91
17400,2129.96
14669,1269.99
16401,4098.32
16948,435.02
15228,3386.71
16693,482.01
17486,396.87
12564,456.9
16769,380.39
15815,2100.6
18036,405.62
16230,542.03
15152,4745.69
15386,394.14
17386,2686.42
12722,997.63
16201,1863.47
15593,199.8
12536,12601.83
17503,558.96
15856,16387.57
18062,720.52
12489,334.93
15940,35.8
16057,2263.12
16159,348.2
16475,544.3
14041,141.41
13781,127.84
16469,650.43
17974,740.79
16483,139.35
13248,465.68
16682,1028.0
16984,4481.35
13431,1269.1
14598,221.97
14860,170.32
15540,213.3
15922,369.5
15570,4165.52
12708,2712.91
13488,8968.31
15950,1765.51
16148,76.32
16394,1555.34
14513,455.59
15543,127.86
15053,697.79
17204,1564.56
18129,112.55
13122,922.39
14351,51.0
15438,156.58
14824,1127.71
13297,2089.85
14904,1025.44
14606,12156.65
17720,1195.94
14032,2975.59
14608,1785.15
17692,740.94
16470,762.39
12744,21279.29
16073,122.4
13344,2543.72
16609,5493.46
16348,1469.45
12639,486.1
14364,3717.35
17715,326.4
13589,379.65
14327,311.65
18169,202.65
17852,114.34
12713,848.55
17019,1272.61
16145,3799.49
17585,1133.07
16473,316.11
15835,954.09
17730,5298.48
17094,302.0
13098,28882.44
13975,2526.28
14507,1383.18
14422,4263.64
15452,538.73
14870,327.25
18191,207.8
13988,4147.96
15364,913.19
16323,207.5
15925,207.15
12535,716.35
12965,771.91
17466,763.28
16561,511.12
16928,2847.6
14775,1011.9
17819,3704.87
12712,4396.13
15882,516.36
16775,1695.66
18102,259657.3
14051,15610.39
12797,254.03
14415,5900.28
13295,201.2
12980,7374.9
15532,1580.93
14035,1428.02
14112,2915.15
13132,77.3
17871,155.9
17176,306.13
17242,1135.04
17444,2940.04
18252,526.67
12962,266.39
13228,358.0
17805,512.31
17785,131.94
15689,254.1
16191,5180.52
17018,920.1
17817,387.68
16917,391.52
15206,420.3
14013,473.02
12937,1504.27
17946,149.58
13439,283.71
12888,354.12
16657,933.62
12910,3075.04
16637,1154.47
15163,304.47
14453,119.93
13517,2128.42
15700,696.68
15829,636.14
16292,302.25
16952,167.61
14436,89.06
17447,541.53
16688,1260.86
15330,714.96
16934,950.93
14474,547.66
14139,415.82
16732,603.75
16204,405.71
12921,16587.09
15061,54534.14
13983,2603.43
18259,2338.6
13000,534.85
15046,5213.77
17861,2100.8
15549,1693.26
13549,918.2
17101,1621.73
12589,646.68
15958,104.35
16516,101.7
15097,248.08
16168,3787.6
15894,263.55
13034,642.77
13531,483.8
15719,5045.61
14828,2139.76
15518,1942.45
13993,3466.36
14088,50491.81
14534,4447.05
17619,218.52
16389,1382.07
14730,2005.06
18173,2106.84
15388,140.54
14538,388.25
17187,203.95
16055,134.8
12749,4090.88
13575,732.07
15014,260.17
13895,2593.07
15942,337.44
13236,744.85
18059,306.46
17295,556.95
17119,606.91
14975,279.94
12558,269.96
12583,7281.38
14210,1905.84
17519,1844.02
12875,343.23
15159,18641.01
17739,2791.35
17033,1030.14
15034,4308.61
14040,3614.92
14257,3099.72
16882,705.12
18145,2861.55
16419,972.23
15199,1268.7
12462,1189.59
12857,1106.4
18068,101.7
14656,291.05
17886,899.61
12580,415.7
14154,1345.62
13229,160.95
15865,895.13
15252,740.78
12556,603.71
13279,137.75
12519,340.84
17350,1286.07
13318,640.76
18084,90.48
16024,251.24
17885,190.19
17377,4100.92
18041,4183.39
15347,201.6
17771,245.81
14407,2157.73
17049,5659.98
14291,3883.25
14077,499.42
13357,609.95
13015,3346.28
15508,1000.27
18133,931.5
15333,1028.56
17263,63.44
16038,471.78
13339,860.12
14862,841.2
14089,161.0
14861,125.79
14638,443.6
13267,4521.49
16558,8338.49
15806,784.58
15027,1066.15
16942,1920.59
14591,1447.14
14988,334.54
12770,1351.45
17702,1824.37
17531,296.7
13643,519.44
12750,275.88
12526,1316.66
16533,1095.56
14488,1064.28
16685,324.24
12431,6487.45
16754,2002.4
13552,3740.07
17859,148.21
13489,449.52
17325,96.8
14214,1004.38
14297,1305.33
15223,755.75
14681,498.95
14853,475.8
12432,5059.32
15506,979.26
15746,196.88
12513,612.29
15701,1542.14
15050,1782.09
15276,135.31
17382,65.4
16932,161.94
18123,589.44
17135,1139.73
14404,1474.32
15984,2837.67
15811,2218.62
17618,971.58
14113,1840.42
14618,553.44
13859,201.16
12421,807.04
15339,574.07
15365,2314.32
16573,663.61
17171,224.91
15393,231.86
15245,2515.84
17398,653.38
14852,2836.69
13655,932.97
15582,682.91
16369,1553.66
14451,662.59
12473,3938.55
14132,3586.03
15186,411.41
16429,284.55
16400,303.93
15504,52.83
16591,213.5
16052,362.06
14354,163.62
15435,149.29
12349,1757.55
14785,77.4
14954,336.17
18015,120.03
13093,7832.47
17967,123.07
16411,214.65
15987,1451.28
16949,1286.27
14540,996.26
13717,1445.01
13085,416.08
13951,674.45
14628,671.96
17589,2404.17
15747,974.04
17453,486.72
16104,302.36
16971,357.21
12391,460.89
14804,353.27
17551,306.84
14978,1931.42
14676,2548.24
14903,2810.63
16871,2812.34
17556,157.9
18143,1000.16
15801,1063.95
16236,432.2
14757,420.5
13351,373.94
15766,315.06
16595,360.16
12667,620.13
16311,616.26
13868,3192.54
16887,194.88
17623,527.05
13521,1093.65
15471,469.48
12791,192.6
15602,1297.87
15002,1641.76
15628,2870.24
17744,2322.4
15208,870.12
13397,1544.13
12474,7375.79
13168,1319.19
12834,312.38
12994,974.42
15648,657.35
13249,711.41
16960,507.05
17268,763.64
15237,1412.32
16610,75.66
18227,93.75
16006,101.4
17124,298.89
17155,251.7
12704,2340.84
13106,76.5
12828,1018.71
17267,317.62
14020,642.8
13518,659.44
13689,910.0
12631,640.5
14349,133.5
15465,7354.62
15304,694.4
17179,711.79
14841,3295.76
17457,1737.7
15059,1337.72
12414,562.41
14600,393.33
15764,3279.97
12408,2888.55
16967,319.02
17866,329.65
13878,1281.53
15621,1293.03
,1755276.64
15544,3546.71
17238,3744.65
17790,1965.55
16458,3482.74
15587,913.68
18171,1231.31
12565,145.92
14470,461.19
16668,306.72
14350,282.93
14205,466.7
13743,1341.6
17874,683.46
13316,5977.73
14195,1012.0
14998,429.87
18018,122.14
14972,114.77
18215,299.34
13356,768.24
17205,384.08
16372,367.93
15725,415.25
13596,697.04
18118,5653.82
17596,2827.93
17682,2474.33
12853,1957.1
15724,218.25
13226,108.21
13571,2092.32
16965,201.19
15704,2293.62
13887,349.55
15076,880.85
15537,110.92
14847,309.4
14079,375.1
13470,165.0
17433,303.16
17564,454.01
14815,778.5
17222,354.15
16895,219.14
13858,216.17
15478,1441.42
12966,160.18
18168,1169.94
16393,3046.21
17675,20374.28
14355,174.4
12867,4036.82
15562,134.55
12574,218.45
17574,185.65
14163,2445.91
12360,2662.06
17157,319.0
15355,277.05
12638,671.69
16811,547.07
17772,182.77
13428,218.47
12442,172.06
17025,357.77
17894,1119.81
15996,1060.68
16907,981.65
12346,77183.6
17889,203.87
16214,1062.75
13533,270.79
16643,487.51
14338,588.22
12461,826.88
16278,566.38
16909,379.14
14967,463.8
15963,470.76
12491,460.4
17901,110.38
17680,184.4
17091,3827.76
17937,4301.22
18037,70.02
14290,2314.65
15482,11054.96
12500,4257.82
17517,153.94
12993,414.76
13712,228.84
14198,701.4
13529,307.76
15098,39916.5
13583,781.03
13991,855.97
14387,1770.56
13247,501.12
13067,115.46
12936,1063.9
17506,302.2
14547,4007.54
15977,1054.73
14216,1839.3
17313,2328.84
14031,17286.86
17198,692.22
15044,7700.23
12576,1315.83
14603,660.0
16780,425.19
13120,30.6
15852,160.71
14542,103.25
16113,161.38
14104,216.21
16305,361.22
15639,425.32
14495,123.8
17513,513.2
13801,324.8
12719,644.95
13690,172.25
16284,823.97
17976,353.19
13880,3219.77
17419,4226.57
15547,4954.84
18044,2088.6
14150,658.64
14643,693.81
15171,1289.5
13659,1573.2
15812,1801.14
17830,398.7
15145,1194.73
17058,1179.89
18235,1796.48
16756,239.4
14389,1043.46
15238,1071.99
12743,546.43
16902,1706.88
17728,2876.01
16613,618.59
14052,225.36
16406,163.07
18074,489.6
17732,303.97
14396,487.99
16327,3844.22
13784,2462.79
17609,1112.22
16745,7194.3
17560,854.95
15753,79.2
17789,225.9
17652,4867.72
14408,2606.53
17698,154.95
14273,559.97
15128,1471.0
12871,380.64
14500,356.85
15280,113.12
12644,477.91
15307,205.3
13314,775.94
16597,90.04
16353,6675.71
16863,502.8
16081,2806.9
14735,6065.69
15939,6115.01
14248,302.58
13630,2031.78
13675,486.82
17394,203.87
16116,612.78
12409,11072.67
15074,748.87
12579,440.42
16513,874.59
15010,308.94
15432,171.19
15646,447.64
17757,5605.29
17949,58510.48
12472,6572.11
14282,3729.34
12481,5596.32
13959,598.2
16805,460.59
17980,811.45
14472,1936.84
15607,104.76
13634,1575.16
12356,2811.43
13581,118.0
12435,7829.89
12955,4757.16
18080,1231.5
16806,801.49
16226,255.12
16185,529.41
16587,225.15
13213,1520.58
13300,371.89
13430,679.45
16747,836.06
12824,397.12
12827,430.15
17274,111.98
17357,388.14
17767,271.2
14156,117379.63
17655,2638.94
17629,1814.12
12578,2794.51
13049,656.68
16767,5580.6
15114,2760.56
15133,982.42
16979,1852.0
15241,1756.44
15367,1877.59
14339,309.52
13384,4151.93
16247,114.56
12917,594.0
16536,548.97
17330,363.9
13193,117.88
17186,144.0
12863,521.2
16098,2005.63
14896,468.77
15626,675.8
16716,901.2
14475,925.85
17843,205.48
12654,601.98
15695,409.98
13239,329.56
14890,125.65
13892,632.97
16319,404.4
13456,1766.72
16446,168472.5
17759,834.99
17948,358.56
18027,115.31
13670,349.7
14518,174.37
14234,775.46
13182,121.18
14882,589.7
12762,1898.52
17510,308.48
13403,75.0
13047,3237.54
15311,60767.9
16122,684.42
17634,2361.97
16655,3794.52
16315,226.37
15057,1489.5
13802,4599.42
17705,1823.52
15785,2328.97
12365,641.38
13509,979.72
14483,137.1
13654,2707.33
12593,418.1
12974,144.8
14823,321.43
13761,1070.65
12919,1335.19
16147,375.0
12879,573.22
13260,557.62
13471,2531.58
15870,354.09
14675,604.75
17806,546.04
16552,379.73
17572,226.75
16926,230.25
13652,1095.08
12877,1535.77
13029,1247.5
12651,114.0
14657,848.22
17571,1498.51
17864,597.5
14640,2125.08
13242,270.4
12358,1168.06
18099,168.31
16820,497.61
13514,152.2
15113,3609.33
15066,893.59
14793,228.99
13844,361.62
16719,1790.42
17722,2424.04
13982,1871.81
17230,3638.41
15797,2207.4
17515,639.02
14006,962.19
17362,312.23
16842,1264.19
13044,560.47
16014,662.38
14004,4582.64
17080,287.62
13650,1836.34
15408,267.18
14403,1475.81
14649,1417.29
12562,3781.74
12904,509.58
12424,1760.96
17899,155.8
14918,1610.15
12981,372.22
15247,356.0
16910,1510.06
15947,1708.24
14799,157.7
14080,45.6
16905,3102.43
12567,9401.28
13094,1927.32
15039,19914.44
13786,230.4
17324,990.23
14524,1867.68
16746,6697.66
14533,1949.72
15189,16225.39
17373,646.92
13908,2369.55
13803,277.07
17594,993.18
14152,621.29
14145,3742.2
12821,92.72
13737,339.6
14522,974.54
13466,307.9
13791,1516.0
12729,453.01
14208,151.74
15466,334.53
16120,1309.14
13271,217.38
12374,742.93
16666,118.98
17385,261.11
14126,706.13
12650,314.44
12691,1035.8
12849,1050.89
16697,112.75
16146,734.13
16099,731.9
17615,329.6
17429,524.92
18241,2073.09
16764,2799.25
13621,213.85
14508,276.42
13375,778.65
18035,730.4
13447,1129.14
14968,147.59
15463,126.14
15419,135.86
13408,28117.04
17760,287.59
18008,2116.19
14548,652.8
16612,1187.66
14276,1119.74
13345,389.5
13722,2375.41
16628,2188.05
17991,93.35
14353,90.6
14280,134.04
16829,197.22
15901,363.88
13812,539.0
12390,549.84
13721,524.14
13914,626.45
17896,256.32
17286,153.92
15752,2637.38
15916,1528.09
15379,3703.29
14662,771.17
12929,117.85
12956,108.07
13955,322.96
12909,2178.67
16142,535.34
18213,232.48
18121,673.1
13388,677.1
17958,508.46
16627,322.8
12475,723.38
16826,341.7
16720,155.24
17636,285.56
18139,8438.34
14001,2043.08
17964,471.7
15823,15.0
17026,154.83
14527,8508.82
13579,467.04
16235,867.31
14541,1461.65
16133,14589.04
12350,334.4
15755,2364.25
18087,4055.72
12520,2634.26
13216,333.74
14476,215.7
18177,1341.42
17120,307.46
16358,2027.5
15825,532.94
14716,329.68
14434,1372.8
13460,183.44
16070,852.15
14382,626.07
12452,430.57
12531,125.22
14219,89.94
17968,277.35
13065,205.86
17062,538.37
15889,446.87
18219,2069.77
14825,2226.91
13050,5836.86
12591,452.85
15031,668.14
17138,380.5
15832,836.79
13485,454.24
15668,76.32
15117,1551.78
15325,162.29
13321,567.36
15175,224.14
15814,1945.33
16846,214.32
16445,230.51
12587,144.0
15862,832.88
16770,770.1
16402,299.6
12808,483.65
15018,496.21
14952,8099.49
13148,3707.12
16726,1382.02
13458,9646.57
13629,7792.36
15218,5756.89
16333,26626.8
13453,356.98
12598,3023.08
14165,122.54
18040,357.2
14482,2068.15
16457,208.36
18150,566.58
16880,1519.08
17879,178.52
12830,6814.64
14143,115.8
13355,674.7
16761,316.62
17427,100.8
16416,1051.4
17052,413.75
15458,161.64
13449,291.88
15115,340.11
17567,4331.48
17884,717.45
17888,726.05
12515,383.7
15464,1048.85
17095,1324.16
14242,280.55
13493,618.63
13884,787.6
13452,590.0
13772,1132.13
18246,596.1
16424,133.56
17703,798.74
13099,207.36
18222,443.0
13390,544.08
13810,1499.01
15853,110.8
14585,157.05
14416,490.22
18117,320.72
14204,161.03
13255,399.51
15012,423.04
15038,705.49
13807,112.6
18077,2633.01
16016,1508.76
13496,653.33
17913,411.6
15415,572.81
18093,2106.52
16509,363.7
14473,234.34
15400,716.2
14645,597.09
16777,226.35
17906,72.9
13752,1186.28
14619,394.44
14905,616.15
13417,640.83
13657,382.14
15314,327.97
13291,361.11
13805,924.6
17736,377.44
17183,3347.31
18255,103.3
17528,3628.5
17878,379.45
17221,335.13
12445,133.4
12702,219.0
16539,1388.81
17787,1865.19
17691,290.4
15649,816.0
12423,1859.31
14889,135.9
13911,2580.91
12561,238.85
14586,237.36
12613,3344.38
15230,429.6
12457,2363.23
12506,73.5
14034,651.82
16929,1295.39
14108,597.91
13927,348.99
15327,208.75
17500,1138.0
12538,363.95
17873,1859.16
14800,4339.74
15194,7616.53
17812,732.16
13199,9817.12
17314,2527.92
16297,301.9
15410,3450.84
17045,339.44
14038,1560.38
12353,89.0
13917,272.04
16464,1314.68
15342,406.09
13016,789.89
15567,186.01
16218,3084.68
17643,101.55
15514,4139.46
13948,102.0
16899,1281.56
15394,2183.54
14209,2073.43
14880,706.19
15319,204.5
18183,632.07
14818,657.8
17669,3406.72
17160,3518.03
14931,1257.68
17718,139.35
17455,131.7
17900,112.2
13919,384.81
13177,282.45
15468,467.51
13146,228.91
15877,493.28
16856,35.4
17911,366.23
13305,2000.86
14932,363.53
12989,6924.11
17126,1004.75
13221,847.41
16554,837.1
13008,229.47
15110,996.1
13703,99.5
14431,470.36
12679,1113.02
14535,2864.19
13711,252.06
14551,186.23
17166,206.34
12815,1063.46
18265,801.51
18237,987.1
15374,168.0
15786,4932.2
17777,665.86
12925,694.05
15243,316.68
12630,1270.88
17069,2709.7
14060,6140.42
17965,2622.57
13097,6010.42
13869,3104.95
17742,355.11
16351,153.9
14616,406.08
12836,2612.86
17291,550.8
16592,4113.68
14499,815.32
15049,121.17
17781,188.02
15530,1502.35
14246,1474.06
17505,1145.84
13856,388.5
14584,1042.26
16461,151.42
18081,343.45
12688,4873.81
16781,311.25
12839,5591.42
14414,1496.98
16387,94.36
13328,1308.48
13707,806.41
16187,6911.44
16495,684.41
16080,217.16
13577,1687.6
17245,171.45
15329,1049.7
16653,1212.66
15930,426.63
17666,728.16
17934,704.25
17824,298.4
13418,6127.43
12686,89.14
13890,1883.81
14334,2552.21
18190,284.46
16678,3109.99
18211,600.07
16377,676.2
17043,1735.18
14264,333.97
13136,2607.61
16341,1971.87
15469,538.55
17947,176.68
14385,202.11
16893,145.93
14448,375.35
17524,145.0
12370,3545.69
15204,316.58
12775,1386.04
13381,3639.31
15236,321.05
17323,921.07
13792,195.55
12817,166.04
15106,1422.52
16626,4413.1
15457,237.07
17550,267.16
14311,310.26
15172,1624.05
17630,503.6
17384,336.4
15585,455.3
13461,1445.0
17694,283.12
17111,248.61
14158,507.66
17608,193.42
14725,718.08
18058,170.16
13767,17220.36
14237,161.0
17191,2095.13
13615,417.69
14620,412.78
17535,164.4
15834,2233.75
13026,975.36
14066,152.55
18108,271.0
13282,1132.14
17483,414.04
15505,3610.96
13827,412.05
17935,145.79
17100,971.74
16891,809.7
15953,1659.38
18092,9068.26
14709,4921.04
15460,216.76
15885,379.35
13133,109.8
13157,1741.22
15632,3285.31
14326,183.85
17898,152.06
14891,554.38
17046,642.02
13210,353.48
15322,679.68
17509,6115.14
12357,6207.67
16634,217.9
12395,3018.63
15028,627.13
13030,799.48
16771,2246.81
16998,295.0
17282,1703.41
16992,1614.31
17995,76.1
14854,2759.83
18272,3078.58
13134,1793.58
16849,124.57
16018,408.9
13302,63.75
17660,196.0
15232,612.06
15652,337.74
18001,417.23
12446,1002.31
18274,175.92
17650,166.08
14680,28754.11
14217,2004.98
16795,414.88
14037,147.2
17220,3198.25
13004,5655.91
17358,365.85
15443,3236.91
14970,1592.06
15809,515.77
16728,1054.67
17492,374.57
17932,1331.57
13682,59.5
16545,339.3
17939,99.14
13681,827.83
17941,304.56
16272,411.7
16796,305.62
14887,1862.0
15264,393.74
15473,1771.2
15783,246.3
15023,6802.76
15353,777.02
13369,308.28
18245,2567.06
14099,3104.17
18283,2094.88
17165,158.68
14930,2372.86
17768,2273.18
13200,870.09
18167,1384.86
14359,912.18
15075,773.03
13886,243.56
13980,200.14
13017,204.0
14578,168.63
17850,5391.21
14135,4690.31
12766,6989.63
13800,558.32
17255,298.41
17663,1802.91
17152,1689.5
16933,563.23
17624,843.48
16450,311.92
17779,658.57
14855,645.65
15511,909.23
12640,1174.58
17475,194.37
14624,225.85
13897,311.16
15277,255.9
16784,107.6
17359,127.86
12738,155.35
15750,2465.48
17978,300.92
16743,2238.09
12348,1797.24
16395,1486.9
15174,135.75
15058,2124.99
16765,34.0
16792,110.38
13341,775.85
16584,936.08
16031,548.94
13562,1799.33
13510,1791.56
13568,192.85
14452,264.44
16460,814.72
17006,781.78
13558,605.06
16020,851.01
16773,171.59
13748,948.25
15769,56252.72
16221,864.86
16011,3362.71
14082,182.25
13680,3722.42
13939,568.55
15670,173.05
15129,3447.4
13118,1197.81
14348,409.57
17625,2047.0
14111,692.85
15618,776.85
14567,1530.36
12512,138.03
12420,600.39
12544,372.7
15043,537.0
13108,350.06
16477,2494.46
15898,1388.88
13077,729.27
18212,248.42
16085,981.51
12842,1118.99
17499,622.88
16859,747.81
14964,206.21
13486,1122.41
13194,60.7
18194,973.84
15127,406.53
13845,312.98
16776,388.28
17203,3563.85
13028,661.32
14788,679.44
17254,272.44
17908,243.28
15640,12515.66
17796,697.9
14505,5905.64
15384,642.41
17189,384.4
12585,2040.1
15673,2881.02
17083,1405.78
15397,94.0
14147,483.4
15416,3984.32
16449,707.69
16136,709.38
14155,118.75
16096,320.62
16261,746.83
17522,1070.71
16824,460.64
17750,1797.57
12648,318.05
13116,501.14
17040,449.73
18268,25.5
12364,1313.1
14314,120.0
16360,3512.53
15368,446.94
14300,43.2
15081,504.8
16779,10629.72
12665,63.0
18094,3017.3
12428,7956.46
18149,612.08
17174,59.9
17031,380.35
12864,147.12
14067,374.7
14014,505.18
13429,1006.8
13732,491.86
17674,551.04
15919,639.89
16062,1153.62
14867,710.28
15326,311.71
17334,307.02
16425,302.7
18257,2337.63
16566,614.66
14231,925.71
16040,1313.55
15800,699.08
18064,814.0
12697,957.59
14164,1631.77
14780,447.68
17620,81.44
16171,73.2
14764,278.3
18067,396.33
13091,345.82
14494,139.56
17153,213.78
13739,216.9
16499,365.45
13627,1638.47
12678,17628.46
12553,3692.28
13700,2265.12
16843,10196.57
14782,200.1
14659,2529.93
13728,1016.14
16494,826.53
14803,845.55
15676,3435.76
15092,457.81
14915,307.48
15944,325.1
18086,101.34
13499,1159.11
15861,3165.36
17060,234.24
17701,417.95
18079,3651.97
12987,558.7
15453,1388.37
17414,778.0
13678,232.6
14947,290.82
15653,877.44
13441,296.64
12884,309.05
18228,779.9
14125,2740.43
16715,301.72
13095,74.4
15350,115.65
13145,618.52
12763,494.08
17236,916.13
17752,80.64
13048,1835.91
17769,3997.98
14411,1063.0
13824,1698.94
13340,10736.48
16005,615.39
15414,774.9
12463,1344.78
13389,797.96
17109,885.04
13070,228.8
14241,213.7
16364,707.04
12641,185.9
14806,193.39
15949,364.72
16404,443.05
16123,307.78
15664,386.43
12479,527.2
13349,247.32
15992,41.99
16029,81024.84
15301,5070.35
14708,1126.37
14684,1236.28
17231,3174.32
16271,1429.24
18223,6484.54
12410,693.33
13414,1390.5
15572,2552.86
12759,1531.44
17164,2467.35
14240,890.34
14689,112.8
17469,1870.97
18160,638.06
14561,1080.76
12615,2291.19
15007,156.91
13224,2155.95
13814,1579.12
12381,1845.31
13778,178.7
16629,417.73
15533,807.57
13354,743.53
17279,187.83
16363,109.36
16415,210.35
16318,328.15
17017,8694.26
14236,490.86
16722,4730.81
16700,5076.55
16065,372.09
16560,841.41
12724,1031.41
12609,1126.85
13405,572.45
13330,1140.93
17162,1715.46
17700,2534.64
15125,11528.48
18224,158.95
13900,740.95
15935,416.86
18009,257.34
16054,783.9
15343,364.5
17219,114.23
15524,440.0
13153,486.22
17690,4757.95
14702,3292.14
17251,283.28
17293,1875.11
15197,1079.61
13672,186.39
12359,6372.58
13804,2635.79
16957,416.64
16180,10254.18
14747,328.2
17140,465.32
16966,2154.97
12573,160.54
15757,714.42
13320,1548.7
16357,658.88
13235,1031.07
13850,1595.48
16362,734.77
15659,306.45
14582,114.11
14174,134.46
14641,110.46
15380,1690.26
15777,1047.11
15620,1553.18
16711,1651.03
14672,765.55
16034,437.7
15579,348.6
17431,403.3
13716,138.28
13591,1117.13
16617,151.85
13719,1041.68
16258,5203.51
14873,519.68
16009,992.71
13940,839.14
17173,3766.6
14360,2128.23
16793,243.84
14550,765.62
14295,166.2
16143,2424.94
13155,971.76
13963,664.54
16904,3754.27
13078,12627.94
14987,326.4
12988,535.32
18078,336.13
14173,450.84
13435,3809.89
14331,462.66
17656,1674.69
15313,52.0
18205,517.36
12612,704.04
15654,922.53
14898,1303.52
17591,2225.97
17870,1894.35
16367,804.49
12931,42055.96
14897,1366.38
16126,6287.77
15671,2657.13
15433,533.3
16092,817.86
16279,1509.58
17892,244.1
13311,598.57
12822,948.88
14753,563.15
16527,228.06
15399,815.77
16480,769.29
15526,148.44
17863,3160.0
13564,1749.02
13092,477.83
13551,91.8
13012,1661.84
13753,741.26
16036,758.92
14129,1123.86
17088,1991.01
14719,1602.13
17440,186.42
15717,150.3
17548,103.3
14512,275.28
14271,112.32
16007,1701.94
17658,595.42
16298,598.2
12379,852.24
13667,305.02
12518,2056.89
15215,734.94
18217,621.75
14836,102.45
13322,199.48
13370,754.87
16306,632.27
13238,700.73
17848,901.2
13233,605.12
17800,1199.01
15213,328.35
14426,4481.67
17035,433.53
14520,270.6
17034,745.52
14607,16569.5
15178,40.5
13695,2504.13
13740,350.75
13482,184.64
13450,2043.72
12787,463.66
16611,129.49
13186,1575.89
15154,296.42
16900,887.11
15156,961.49
17011,270.9
17243,8676.85
16550,2298.97
17068,4552.14
14440,2357.68
12539,5568.35
12736,234.0
16407,2126.93
15843,118.95
13718,306.55
12633,2163.98
15656,748.5
16172,1140.21
16624,810.57
16794,1222.71
12571,519.61
14039,152.2
14573,1653.42
12621,13689.67
14646,280206.02
15266,119.3
12388,2780.66
14068,265.85
14665,1835.7
17881,133.35
17374,495.77
15308,310.47
14059,183.6
13481,1804.56
16399,408.57
12493,433.74
13686,72.0
14690,371.7
12534,1089.18
17434,2373.82
13635,1071.03
13348,233.76
15948,955.24
16569,124.2
15078,9743.11
13240,663.65
13230,2806.97
17865,10526.32
16923,7247.61
13668,6363.59
17214,1069.12
15985,1142.42
12620,1339.41
16091,315.06
15184,406.76
13563,777.53
15149,520.8
13928,464.57
12418,668.58
16438,798.35
15576,940.67
12532,349.83
12586,196.94
14395,3507.71
12441,173.55
16735,2300.56
17786,278.74
14457,113.64
16441,381.2
16788,597.48
17042,1044.38
16990,179.0
17764,818.82
12378,4008.62
14406,156.75
13774,345.0
15603,48.48
15484,3594.31
13364,134.96
12581,197.71
16025,439.66
12617,355.53
14666,195.25
15721,507.08
17379,404.66
12838,683.13
16010,407.5
16202,365.27
12970,452.24
15167,163.0
18250,349.27
15903,5126.76
16518,484.32
14272,437.96
16170,1885.05
12363,552.0
14834,1720.3
17443,534.24
12700,4939.99
15042,135.93
13780,360.01
13507,2479.16
15089,2420.84
16803,332.3
12772,892.47
12950,1843.0
12947,1603.99
17085,1566.65
13922,172.25
13881,17159.52
14817,1110.34
16216,914.93
15674,2446.6
17930,1740.48
16633,2883.1
16418,675.27
13365,2225.37
13283,93.66
13343,353.43
14222,683.17
13379,572.56
12995,211.32
16215,242.35
16986,1873.2
12478,680.99
17428,17256.85
14794,1319.91
14048,409.93
15970,314.1
13931,1237.53
13268,3214.69
15068,553.36
13826,189.5
14484,321.92
16884,429.84
13319,10845.55
14107,2703.23
14159,4693.01
16282,168.3
17128,157.09
17027,890.29
14497,475.37
16434,1522.25
16128,1880.22
16309,706.57
13474,229.59
15063,370.8
17579,448.9
15118,244.8
13860,1245.9
13806,256.38
15022,905.04
16127,656.25
17595,388.79
17461,757.46
17727,1060.25
14796,8022.49
15079,895.61
17580,215.72
14146,4191.0
15527,2429.78
14842,2824.69
14386,142.4
16414,126.25
16681,1770.34
14912,867.85
16647,214.06
14937,1621.88
14768,192.6
13244,121.74
12488,1298.66
17197,1013.01
17381,20275.61
17339,243.36
17799,3055.93
17146,749.78
18260,2643.2
12957,4017.54
12480,3281.63
13362,3090.74
14071,1438.82
13662,897.76
14851,511.35
15265,1506.12
16690,225.58
13135,3096.0
15743,784.46
14383,1247.69
12627,4478.53
14335,468.26
13755,2161.35
13651,94.2
17320,1200.62
15005,6316.57
17576,3622.68
14737,1164.55
13614,1610.46
17711,385.1
14504,673.26
13821,385.64
16105,336.96
13952,3251.07
16750,623.93
14705,179.0
14196,335.52
13083,303.75
12703,283.55
14539,537.48
17458,316.5
16531,1244.59
17365,4801.56
15422,97.7
12676,1331.39
14778,730.86
15796,2711.56
14211,2241.1
16217,304.25
13899,388.52
17278,246.04
13976,357.98
13115,2294.78
18112,352.69
16734,650.51
15344,563.94
13882,1191.13
17534,223.36
15444,1418.26
17495,497.56
13710,180.48
18249,95.34
18184,49.8
14601,213.96
12464,1212.05
15406,510.71
13610,1131.88
17725,3439.08
17578,143.46
12592,437.6
14682,52.0
12449,4067.29
15679,781.28
14722,187.92
14076,122.47
16603,482.47
16211,547.02
13350,979.12
12546,1161.5
14792,6.2
18181,382.8
15498,13316.4
16701,5398.3
13124,3866.33
14130,483.86
16378,362.95
13636,949.12
16667,570.13
12541,981.18
15210,331.18
17123,345.3
14305,1858.96
15120,358.82
16173,1418.32
12550,964.83
16650,518.42
16432,287.4
14929,223.88
14594,379.83
14901,1421.29
14739,3902.28
17530,2385.0
12540,13400.24
16996,1456.96
15227,1219.4
16496,1599.52
13809,155.05
16692,1276.0
17738,1879.05
14247,136.77
18189,1090.24
14021,631.9
14700,2235.3
16892,525.54
16107,3204.16
13663,189.47
16287,142.5
16674,319.61
15287,486.69
16789,80.8
16725,781.02
16814,6509.1
17406,2200.42
15680,1333.68
14057,6217.96
13527,2287.51
12625,2683.82
16208,664.26
15087,306.94
16384,584.5
12831,215.05
12545,1000.39
15214,1661.44
14697,188.61
13391,59.8
15434,1041.48
16050,137.9
16108,842.5
16669,1374.87
15142,498.74
17022,71.0
17523,652.74
13705,711.86
14748,1415.75
13599,5153.67
13327,3627.77
14878,1485.54
12944,604.51
14553,859.27
13082,3613.63
13656,379.65
12845,354.09
12758,2791.59
15756,532.96
15665,2242.01
18013,187.29
16881,432.0
17086,2050.08
14027,104.82
16936,262.68
16528,244.41
16898,508.81
17616,571.2
13140,423.72
12577,657.8
15160,158.16
13187,236.02
16850,332.41
13064,1119.49
16124,249.0
15448,494.64
13606,280.54
13151,1257.87
15220,1778.96
17133,4892.24
17664,604.64
16852,144.91
17891,203.86
13704,2308.06
14923,749.1
16161,5575.56
14189,4654.08
16059,1459.86
13569,373.75
15358,8347.2
13102,6424.09
17912,311.01
17338,6643.93
12728,836.33
13819,1140.35
18136,784.33
17667,2055.51
14981,102.12
16729,7239.92
17887,111.35
17122,138.32
15396,288.18
16758,369.34
15006,502.09
15158,401.4
17432,365.76
17232,421.52
15107,319.5
13011,50.55
16710,2483.04
13173,353.65
12942,683.9
13396,1360.99
14127,709.71
17686,5739.46
16709,3029.87
17758,3456.7
13525,628.78
12690,389.01
16239,414.2
15821,570.96
16430,300.85
14971,1116.57
15597,324.57
15269,408.8
13715,1079.34
16233,536.68
17090,2043.95
16567,865.6
14238,146.85
12637,6021.9
14341,2182.28
13462,151.5
14206,328.16
16639,1257.51
15143,259.45
17047,1100.9
15541,85.13
14566,1432.0
15762,583.75
15185,310.62
15300,496.44
14661,107.95
14424,322.08
17552,930.41
14083,1018.43
14506,2012.17
14443,1420.2
16163,856.6
12415,124914.53
15910,1232.18
13709,6328.05
17604,309.36
18202,1396.99
14631,1006.98
14530,2925.91
17867,1197.1
16426,1908.25
15140,2354.25
17096,1022.13
15201,1236.54
18120,111.15
13062,346.98
17252,353.86
14116,1382.74
13889,416.9
13759,659.41
14362,161.2
17450,194550.79
14866,14389.9
15392,1535.53
12383,1850.56
14442,1589.82
12645,1775.18
17139,10668.47
13014,3466.28
15669,684.34
13479,300.95
17015,1842.56
17405,1031.41
13189,260.68
15099,410.48
16376,987.01
13090,8910.82
12915,363.65
15021,1914.82
12818,1542.08
13723,199.85
13561,141.86
14651,654.6
13546,626.99
14503,3543.26
15623,301.03
16557,281.85
13218,62.64
18200,163.8
13947,90.6
17832,155.37
16903,373.24
12433,13375.87
12779,3981.36
15373,2415.91
16931,4604.22
15880,343.28
17696,2285.71
14653,1947.55
13750,1647.26
14761,255.9
16350,1116.47
14227,3350.96
15709,133.25
16517,162.7
13956,1026.42
15030,518.28
13934,922.1
12434,806.14
18273,204.0
17061,5232.23
15561,800.59
14859,1353.74
16498,100.97
13159,1437.85
15475,454.11
13978,196.79
15298,4799.9
14243,2588.77
16656,8625.8
16727,272.82
16938,2736.38
16072,584.32
16778,245.94
15381,596.85
13626,257.23
17409,771.85
14623,889.25
15095,1370.6
16275,559.87
12689,1247.61
15488,91.32
15714,330.88
17614,390.07
16542,119.62
18042,165.05
13366,56.16
15054,302.1
12508,398.27
12890,380.47
14821,48.8
14201,747.44
18106,430.7
14233,1462.72
16403,177.5
15407,1056.44
16427,241.06
17749,674.52
17719,5396.04
15521,3000.2
12596,618.27
17670,205.7
18146,160.35
12710,1149.02
17797,780.43
12624,641.13
12450,197.88
17960,73.78
15261,254.82
18066,318.0
12628,786.46
18019,38.45
14629,959.01
13298,360.0
13941,5112.96
15048,384.05
12928,2062.7
15845,3711.77
16084,436.18
13475,1431.78
13121,283.73
15249,6688.46
13632,2121.27
14844,3189.81
15212,101.8
13505,4393.63
17893,112.25
18242,2232.49
13885,506.8
12790,324.92
12802,427.58
13853,1090.14
16742,464.9
17857,26879.04
15366,602.51
17343,193.64
15661,309.8
13451,2976.15
15606,2920.16
13590,1981.92
14012,328.8
16245,1413.66
15891,524.52
13741,668.43
16302,233.22
17747,71.4
13160,91.8
16210,21086.3
17990,630.84
15512,121.0
16833,1106.53
16493,1351.63
13208,1223.9
15047,343.62
13169,712.88
13731,610.59
14973,1314.45
16644,833.78
14960,221.27
15041,180.35
12560,2134.01
13925,678.25
15707,945.58
17628,75.75
17131,2463.17
12430,256.4
16368,497.43
14581,138.6
18229,7276.9
13069,4436.12
14673,1736.4
14299,3965.62
17526,1195.9
15033,2586.67
14428,1244.83
15179,2206.95
14438,131.9
17175,1443.69
13971,2758.26
17923,207.5
18280,180.6
12901,17654.54
13863,305.78
16614,506.19
13080,58.08
14259,120.0
15933,1107.46
12963,1856.63
13969,9053.94
16083,1317.62
14701,2549.37
13871,6403.25
17107,10815.43
15554,217.2
16976,251.52
16398,1705.8
12569,4124.69
16325,594.24
17436,216.3
14342,668.56
14704,1546.91
12716,1053.49
13513,205.1
12783,2225.91
13061,248.61
15837,391.98
13602,428.89
12660,245.1
16479,300.83
16033,8816.4
14907,3501.1
16385,555.89
16717,3858.38
18004,169.47
13999,3901.81
14373,76.55
16042,1197.27
13799,688.86
12614,315.6
16511,950.26
13059,183.4
15768,621.83
13427,582.6
17987,198.57
14050,746.36
12832,383.03
13419,221.06
13103,243.94
14950,371.2
14388,3212.84
13756,5189.52
12417,3649.1
12997,1226.89
12823,1759.5
14754,638.05
17063,1461.14
16838,588.85
14226,2232.19
17765,371.88
13883,2674.48
15135,139.05
12670,2996.05
16589,459.24
14306,2093.32
12425,777.2
16268,667.65
15000,490.52
16190,215.08
15153,329.25
17936,389.84
13758,3190.55
13113,12245.96
15192,1044.32
18016,1483.56
13198,3401.24
12829,293.0
14913,1227.43
12778,822.23
12714,4708.86
15722,2222.56
13870,2770.94
17763,15.0
14441,1712.89
15528,229.33
14304,383.45
15630,1186.35
15124,184.19
17024,95.85
15306,1174.35
17333,494.25
14951,311.69
16101,1290.7
16106,108.38
15553,437.23
14121,2780.15
12371,1887.96
12812,229.64
17084,2949.75
15168,106.56
15165,487.75
16638,1680.72
16817,1604.75
17816,36.56
17456,249.86
14329,5014.84
16593,330.03
17714,153.0
14133,605.64
15971,4199.85
13394,2520.02
17507,605.58
14023,584.07
15737,1205.12
13223,163.2
15489,1134.28
12695,582.1
15897,222.05
17370,446.18
16174,1009.55
13930,337.34
14885,765.32
17309,82.75
15035,252.73
13979,869.87
15297,641.94
14251,2879.7
16079,1352.0
15423,43.5
15758,205.25
13638,122.64
17914,336.43
15291,4668.3
12720,5781.73
17262,1253.36
16812,479.35
13600,219.52
13334,3536.82
14636,609.85
15019,266.0
14633,344.9
15969,666.1
15389,500.0
16961,234.17
16759,789.79
17235,550.06
14185,197.65
15681,1426.16
13708,296.88
13484,313.8
14262,2618.23
17289,944.41
13618,177.34
15839,1048.49
15683,193.75
13727,333.48
15657,30.0
15513,14758.22
16520,1046.57
15288,2306.52
18226,5228.05
16730,743.11
13149,1676.06
16308,2560.0
18010,174.8
13647,1678.12
17115,837.5
13888,605.63
15467,524.88
14212,1070.48
15993,2797.57
17290,525.24
14480,279.05
17925,244.08
17802,1285.04
17218,1960.72
15032,4959.1
13502,292.0
14784,289.99
16109,611.88
12707,603.42
12902,138.68
13588,2478.95
12394,1272.48
14397,2612.96
14765,254.11
17553,1487.6
16066,1521.87
15706,1060.56
12923,176.97
12856,2179.93
16412,151.83
13697,151.3
15025,377.01
15732,294.12
17449,2520.86
13001,9818.82
13929,842.65
15065,3158.13
15847,389.27
16808,288.42
16440,3640.67
14489,463.38
15734,1339.45
15412,190.53
13338,487.02
17724,1033.0
15372,2007.4
12397,2409.9
15608,1093.68
17633,1324.84
12492,263.21
14171,363.79
15975,371.01
12398,1635.66
16337,151.05
14390,4652.82
17228,1906.09
15822,885.47
16607,3347.71
12672,225.9
14572,2832.84
16156,3122.04
13171,468.41
14371,100.5
13185,71.4
16620,178.96
17734,700.63
12684,2283.63
16642,688.33
13937,158.85
14459,1837.92
17514,208.65
17248,318.65
12814,125.92
17684,239.41
15385,316.88
17831,35.4
13986,320.46
17511,91062.38
16583,233.45
14298,51527.3
17364,4481.18
15510,250.0
15222,585.0
17929,843.0
15122,1633.78
13425,1624.21
15121,457.72
17856,1418.03
13043,516.42
13631,3070.42
15663,138.14
15571,650.43
14908,277.8
14412,770.03
15088,1160.07
18126,206.83
17520,546.81
16848,281.42
15677,657.23
16207,394.38
17835,350.64
12953,329.85
15773,635.68
13436,196.89
14498,1957.32
17288,1419.73
18179,1793.17
16321,373.65
14368,155.0
13901,2867.2
14798,173.74
14562,5074.77
15810,1391.98
13666,84.65
15181,689.48
13035,921.88
14446,1039.58
13131,1073.3
12610,2099.54
12497,1043.1
15886,181.09
18277,110.38
14485,165.75
18022,668.11
15692,191.04
18082,703.37
14569,227.39
14078,1049.37
15945,181.0
18225,5509.12
13253,1030.4
17512,2924.99
18231,2083.27
16659,39.12
16205,761.38
17640,621.66
16485,363.65
14184,452.89
12454,3528.34
15994,427.07
15699,309.65
17247,282.19
17659,2999.46
13831,2202.99
14270,492.65
16359,1750.92
17356,178.22
17601,116.01
12876,2218.02
15609,298.48
17110,163.3
17408,32.65
13058,271.4
15136,1286.7
16468,74.9
18164,399.65
12784,574.42
13848,1255.0
12551,168.0
13953,3515.68
14321,1530.75
13246,1987.3
14175,3222.3
14959,695.42
13865,501.56
13358,439.03
16374,473.03
13196,1797.78
13918,1212.84
18263,1213.16
13079,220.1
12739,1013.04
15523,412.01
13336,795.12
15492,659.46
15739,449.12
13816,571.67
16260,1035.45
12938,114.14
16423,346.12
13790,348.8
13777,25977.16
16365,1540.42
18061,2119.41
17303,250.04
16551,922.12
16152,1829.04
14223,991.13
17054,1356.33
14286,4628.75
12844,325.96
12789,91.85
13822,632.0
17668,347.75
15551,436.06
15195,3861.0
12748,33719.73
14491,340.93
13174,2817.03
13769,2796.51
15805,5528.48
13787,309.04
17372,1342.68
15052,215.78
17540,578.9
16951,1277.75
14995,233.23
17134,425.0
13762,306.72
14920,977.77
12674,1970.6
15335,173.97
12646,1346.97
16708,656.63
15320,267.13
15830,576.0
17897,566.6
15867,3812.64
17340,12353.29
14544,2024.45
15611,1591.45
15749,44534.3
14916,1268.98
14934,1890.94
18270,283.15
12843,1702.26
16906,579.77
14515,2102.09
17651,3945.0
12816,572.2
16555,285.89
15417,508.8
13866,145.67
16737,417.6
12847,871.54
15299,4507.01
17227,939.32
16919,2596.45
12872,599.97
17188,2474.23
17368,1912.67
14755,5010.28
14976,790.86
14609,601.56
12811,514.85
16625,333.08
17351,587.15
15493,2001.8
17411,778.94
16586,463.95
15036,465.55
15802,451.42
14019,1421.61
16451,266.97
17144,984.57
15500,1131.56
17480,511.82
14109,144.2
17425,759.17
13245,430.5
17403,281.62
15351,1960.11
13984,920.51
15361,418.92
12734,110.4
16875,2095.53
14224,1050.12
16660,1267.65
12764,1693.88
17940,4106.44
16915,621.68
17716,5655.99
12669,2744.03
13570,239.49
13572,1384.25
12380,2724.81
14029,467.66
18127,348.73
13272,276.56
13877,117.24
15610,112.46
16830,325.91
12557,11990.96
14667,9241.2
13854,8109.52
12510,982.57
13141,2388.75
14549,289.24
17537,897.62
13018,7277.7
16182,6617.65
18056,363.65
14740,1448.21
13476,1238.47
14352,1078.96
12769,1143.6
15552,90.12
13492,1269.84
12976,738.6
12517,2502.84
14552,165.07
13933,608.79
17451,1721.4
16198,400.68
16914,208.46
14953,289.82
13926,223.85
17237,314.69
15708,3364.24
17735,13110.02
15838,33643.08
16679,129.75
12753,21429.39
17371,423.89
13033,190.55
16112,195.74
13162,1688.29
14114,386.53
14595,1740.6
15932,2495.87
12781,826.74
17654,117.55
13072,177.15
14886,364.8
13548,682.41
12426,582.73
13924,1838.85
12618,177.31
14756,738.96
17181,239.92
13270,590.0
13310,1132.03
17311,1384.85
14805,554.65
14460,434.34
13184,1701.29
15712,1072.36
16356,211.77
15182,622.85
16256,752.43
12792,400.54
18185,304.25
15442,594.0
13962,169.55
14626,2791.27
14005,2874.72
15729,85.0
18203,160.42
15776,241.62
16978,344.33
18276,335.86
13522,125.8
15428,93.78
14093,442.85
13013,4810.94
16705,14034.99
15759,253.04
16409,2028.88
14502,2470.67
12990,409.5
15550,575.63
17442,2248.56
18196,689.13
16212,690.34
17426,5037.26
16712,3645.43
13592,247.96
17979,757.71
15045,735.66
18287,1837.28
13437,3408.06
16739,323.0
17877,237.61
12977,39.24
14400,574.7
17649,868.49
14356,701.23
15556,279.77
13142,307.09
13747,79.6
17920,4204.1
16752,207.5
12681,13787.54
14176,576.9
16293,2248.99
17880,458.92
16037,855.02
14312,1611.59
13385,534.57
18069,2036.67
18230,2810.2
17795,350.39
14267,1516.24
14758,1484.06
13266,3834.26
13294,873.74
17597,2044.37
12642,1013.26
15341,2020.52
13503,216.85
12718,238.25
16454,6.9
17354,1393.06
13532,210.31
18119,181.12
13211,1197.42
14560,2237.77
16686,3062.83
12455,2466.86
18138,152.65
16940,3049.88
18210,2621.38
15437,200.16
13950,745.06
13692,1488.32
13055,1214.41
18204,1993.7
18281,80.82
17997,1970.67
16866,207.74
16989,1133.25
14857,1173.12
13167,791.33
14772,139.26
15782,2614.74
13212,788.08
15678,352.7
14849,7930.54
16546,787.15
16983,1931.25
16654,601.27
15211,894.41
17827,1995.46
14309,2352.53
13764,1521.76
13593,2037.08
15799,884.14
15687,2993.1
16618,2647.59
15981,3408.48
16841,1869.82
13227,257.7
17490,2092.32
15016,170.04
17695,765.34
16616,500.42
16248,152.94
14710,606.13
12403,427.7
16855,328.4
14218,169.48
13332,350.9
13448,3539.37
15525,825.92
13649,346.6
12668,3807.15
13165,1021.48
12939,11581.8
13068,344.0
13744,1156.36
13410,1003.06
15951,708.22
16471,223.95
16249,1800.07
14199,185.4
18142,1019.52
17349,110.75
15507,492.36
17298,498.42
12794,860.41
17481,1255.59
13323,787.85
13352,397.98
14910,434.35
17590,1479.22
17387,784.11
17942,77.5
17905,800.24
13846,865.06
17306,8631.31
17256,240.0
17050,3228.84
17348,1159.52
12458,947.4
15675,323.69
16225,1096.32
16135,517.55
15754,458.57
14820,507.29
12657,1643.18
13673,396.92
16482,220.62
12427,825.8
15545,292.72
13209,5891.61
17194,262.62
16556,3313.79
15641,1887.2
13534,5870.08
18176,476.35
12721,2656.13
12501,2169.39
13263,7454.07
17418,463.46
13309,1456.79
13421,1851.08
12623,305.1
17921,826.52
17644,2895.64
15625,1534.26
14868,2953.59
16877,853.72
17234,149.89
16276,810.6
17030,146.87
15872,360.93
16456,2158.37
13402,621.23
14081,934.52
14215,1789.72
12483,2484.98
18095,580.05
17082,2003.85
13002,120.95
17376,203.2
18017,523.0
17612,2048.45
14745,1220.26
14957,58.49
14924,310.05
15109,484.95
16193,314.45
17217,113.5
14421,813.11
16342,322.41
12930,415.8
14301,640.14
16836,251.87
16330,251.91
17037,1267.32
15450,429.84
16535,593.75
17581,11045.04
13506,458.52
17975,4488.81
16782,2279.9
14639,2984.49
18233,440.0
13815,4027.36
16897,289.78
17422,1979.37
14727,268.58
14840,62.85
15251,10484.99
13376,1019.76
14288,426.6
14731,380.02
14277,4216.2
16484,404.3
17828,1820.09
13849,1537.95
14002,529.73
12405,1710.39
17229,318.76
13411,213.55
13434,534.24
12851,135.18
12685,2863.08
16157,656.69
13006,81.57
13176,492.84
18154,399.19
14664,637.89
14142,311.81
14256,969.06
16945,4345.5
12643,3344.64
14046,154.99
14962,126.7
12514,1017.68
17212,226.85
15134,1387.99
13989,1266.08
16448,188.89
14816,271.85
18135,681.91
17360,585.79
14795,131.45
12883,703.47
13325,675.3
13359,439.56
14966,191.32
17460,622.43
14047,1308.61
17838,2779.3
17858,5155.66
14487,1196.33
13495,2044.87
12683,8476.57
14577,859.71
15281,2332.15
12594,3338.22
16110,1337.48
17472,710.29
16768,478.09
17102,25.5
14340,134.7
15804,4206.39
15863,68.84
15411,1358.88
16447,259.01
12752,4366.78
17498,272.22
14138,982.38
13278,542.73
12588,214.9
16955,518.67
15605,1198.23
14696,2078.95
12647,3722.82
16422,34684.4
16086,1121.39
16003,2735.37
12484,4541.72
16757,106.83
13725,1980.56
12507,1304.81
14346,1021.58
17002,1493.73
17416,6893.42
12878,854.99
15813,1303.91
13658,2639.17
14178,1620.93
13075,919.61
13032,1010.18
12952,1387.79
16281,2062.06
12740,427.6
16982,384.06
15988,158.03
14946,100.9
16988,126.12
14087,194.42
13138,962.39
14576,35.4
17954,2332.72
17676,1387.68
16873,7123.62
17454,517.53
14985,296.75
17707,152.4
13107,1531.62
17569,344.14
13742,3131.02
18114,220.1
17272,2148.63
14235,3144.86
14022,440.0
14463,529.62
16581,105.84
13669,218.55
17919,1304.04
15522,398.84
18251,4314.72
17846,2033.1
16380,1780.59
14179,719.78
12658,686.05
12920,164.23
14893,1237.85
16186,4006.94
16658,123.24
12826,1474.72
12726,2609.1
15139,178.96
13538,1280.85
12528,1933.48
12653,2209.85
16980,1078.96
15874,4405.88
14232,2048.07
18236,882.24
12886,1378.4
14883,761.59
14285,1910.01
17159,1538.88
18122,1826.21
18262,149.48
15568,758.29
15787,948.05
14537,355.56
14688,5630.87
15235,2247.51
17315,6292.26
17621,1379.9
13837,271.24
14467,598.76
13110,1488.67
15589,478.53
15226,154.41
13137,3650.41
14379,348.1
18155,371.62
16823,358.38
18232,592.97
17169,835.78
12833,417.38
13307,15.0
12906,2919.81
17079,118.8
16177,331.95
16790,1545.62
13467,1083.71
17468,137.0
15858,1438.85
14621,1788.36
15316,165.0
12693,855.91
15864,1936.32
12352,2506.04
12866,559.12
15869,149.64
16837,3170.98
15123,2199.31
13395,307.72
16872,680.02
16324,428.68
12465,742.19
13217,533.98
14517,330.45
15866,230.53
13519,122.75
15978,1098.78
14698,1250.76
15286,240.55
15271,2507.07
17671,1572.71
15246,514.15
16349,53.5
16598,145.05
13373,3312.25
13985,7060.13
13867,1015.29
16139,635.41
15578,127.1
15256,98.45
14250,1904.05
14357,225.77
13089,58825.83
15555,4805.17
17646,1008.39
17375,400.1
13324,7121.95
13501,1340.32
16804,536.99
16023,719.81
12604,254.18
15424,383.34
16162,37.4
15917,123.1
12999,455.88
16188,981.86
15436,1122.53
15826,1654.31
15349,473.81
13617,544.18
13296,87.4
16641,231.1
13147,712.8
13464,674.68
14073,151.04
16433,184.26
14902,332.66
16504,484.38
14911,143825.06
16713,6923.13
14320,477.79
16570,3738.4
17226,393.49
17105,665.78
12616,713.3
12361,189.9
14762,300.52
17733,692.19
17250,384.52
13512,251.21
12456,3181.04
14000,635.66
16987,1625.05
15791,1612.69
18073,3877.52
13699,308.58
14511,1314.81
14024,327.7
15472,371.56
16093,17.0
13127,259.17
16169,1822.97
16361,896.66
17957,111.68
18033,97.97
15748,149.31
17791,106.1
18110,236.3
15539,538.46
13455,1058.34
13021,2616.38
14258,12669.98
17118,157.02
14738,1314.45
17329,523.11
12897,216.5
14162,289.36
17367,168.4
16320,1038.46
14691,2114.33
13258,698.58
16763,611.85
14053,260.25
15198,193.64
15690,239.76
13808,1747.66
13823,957.66
17163,293.1
16354,395.8
12552,437.82
15900,351.11
13560,174.37
17951,1008.54
13491,1215.82
18239,1561.61
16718,623.75
16950,1178.56
15456,447.22
13304,300.42
17284,1652.58
14167,574.84
18172,7561.68
17117,116.2
15643,664.0
15147,623.5
16121,867.11
13990,311.3
15921,336.03
14456,3062.4
15205,653.24
14529,620.04
18158,453.4
15272,721.94
13536,3448.29
13587,712.4
17761,712.78
14789,197.64
15596,1406.59
12377,1628.12
15279,290.51
14090,76.32
16619,226.21
12619,3641.24
14759,1625.97
16963,110.55
17642,712.29
16478,331.0
15836,137.37
12747,4196.01
15899,56.25
15180,87.5
12673,610.52
17673,1629.12
18159,530.15
14481,636.51
13973,264.7
12584,2338.15
13771,2634.45
13005,513.7
17582,175.27
17631,528.33
14819,272.07
17317,2600.34
16689,422.6
16213,159.0
15763,1086.92
15803,415.82
16026,236.09
13603,164.34
14729,313.49
16241,2607.87
15998,3089.97
12924,933.7
15395,107.45
15144,6580.44
12891,331.0
15990,792.11
17956,12.75
15775,104.9
17854,311.26
16488,498.8
15315,570.5
15255,890.85
13763,1714.96
17459,657.3
12572,1020.42
15427,1483.14
12984,97.5
15148,301.29
14045,1659.75
17961,1296.44
12967,1660.9
18269,168.6
18065,2392.83
14401,4051.48
16332,1593.2
17829,889.24
15622,3709.56
13382,222.99
12547,207.8
15225,409.4
15907,967.45
16463,1422.4
16825,775.18
12412,1226.88
17962,102.83
18216,481.75
15318,312.62
17841,40991.57
15955,4416.26
14161,1110.52
15502,10384.93
16525,13027.45
14543,3630.33
15101,317.53
17849,605.8
13158,1201.06
12477,13219.74
16652,6773.97
13299,142.5
16672,8134.94
17723,3276.4
13972,190.25
12635,1689.18
12521,599.68
16582,313.62
14965,599.0
17206,204.24
16851,342.45
17078,378.2
13938,71.66
12603,739.2
14865,52.2
15660,1600.86
12735,779.57
13280,814.86
18198,5425.56
14239,2380.85
13894,564.62
17302,1135.63
16045,1340.7
15104,1027.44
13760,286.79
15952,806.57
14393,67.95
16832,199.15
17410,1214.72
16184,1158.79
18165,302.46
16344,101.1
17693,200.47
17557,541.46
15807,903.9
17125,259.35
18005,249.72
13607,678.01
18104,754.64
12985,1239.38
14741,1400.34
17491,3558.87
16816,417.06
16600,813.52
17555,483.26
15577,258.88
14632,114.56
17489,376.64
18072,247.44
17731,1240.11
17653,1207.56
14869,725.7
13949,2427.32
17004,1412.94
13639,1033.34
13259,292.32
15612,195.15
16179,215.83
12498,403.7
14098,147.35
15883,396.48
15009,1261.78
13520,3624.35
14293,1046.56
15581,3679.97
18116,1418.03
14092,4076.91
14016,4341.21
13144,110.95
13862,2209.36
12820,942.34
16912,2575.38
12908,750.0
17516,768.08
15067,1744.76
15624,588.13
14790,745.06
13555,4149.28
14622,320.58
18261,324.24
16160,1025.44
13566,874.71
16347,887.65
17038,112.4
15986,168.12
13828,209.49
12386,401.9
16519,215.08
14221,3432.8
16222,846.72
17994,678.49
17697,338.95
14948,1101.97
12590,9864.26
14583,1052.55
16810,309.54
16869,825.42
12798,6977.04
14261,1163.45
16343,370.48
17412,1258.06
17470,1125.07
15312,924.85
16748,1515.9
16943,816.73
13754,282.6
12468,729.54
18125,1142.99
12372,1298.04
15303,574.02
18151,653.35
12945,462.95
17770,1143.27
14670,411.53
16621,813.48
15819,1905.45
13037,881.07
13573,294.4
17648,1797.5
14323,605.06
14149,446.62
14699,109.13
15730,1120.88
16818,3349.57
14963,1487.8
13936,376.58
13023,689.9
14894,655.75
14652,114.18
15565,173.16
15937,145.35
13876,122.7
15360,427.93
13576,6717.34
15601,6776.56
14466,2272.4
16665,135.4
13565,240.22
12524,4485.72
17064,859.35
14692,591.55
16523,9418.47
17239,382.5
13995,1393.69
12649,623.51
13308,1385.51
12809,489.31
16149,280.52
17073,1446.09
14055,725.64
15774,270.8
13974,413.59
17010,195.36
13269,5346.23
16858,375.69
16019,3786.24
15854,2974.65
14625,899.63
12490,5417.93
16206,537.06
13932,307.4
17361,488.2
14895,11138.71
16444,654.67
15258,623.16
16229,1010.6
18101,223.65
16102,1842.14
13273,138.98
13130,64.0
16181,305.54
17321,700.86
15592,388.58
16847,193.44
17233,190.88
18034,422.88
12855,38.1
13178,5725.47
12527,348.71
17862,330.9
12402,225.6
15421,950.36
12599,1032.58
16462,136.0
17092,1777.78
16807,1121.59
14875,1465.32
15289,939.78
15119,266.4
15376,1233.36
14655,1932.23
16474,1871.5
13277,258.4
15103,703.36
14557,788.38
15239,780.59
16594,181.09
16183,338.71
16563,1077.74
16345,575.41
15017,125.58
17561,167.62
14449,907.1
14409,2059.45
15965,845.64
14766,2473.37
17158,1266.97
14220,632.4
17075,834.12
15090,381.32
15150,5314.47
14711,2868.8
16809,914.69
17051,247.14
17266,310.64
14432,2255.51
17986,20.8
14381,202.68
12522,192.72
13598,180.17
13363,992.5
17839,338.8
16203,592.9
14810,2087.88
17402,2633.85
13842,3385.62
15723,203.1
16676,1592.12
15831,801.76
15240,1706.57
14850,325.75
13684,67.23
14157,432.88
13265,2107.66
15445,113.5
12949,4167.22
13515,891.12
18220,305.28
16227,314.22
17501,288.6
17970,582.59
14009,695.61
13833,384.8
16041,3166.4
15494,1299.23
17973,337.04
16602,528.08
16953,20.8
17977,288.14
14723,1158.3
18109,8052.97
17917,341.28
17611,3984.22
16670,4095.9
12413,758.1
13473,422.64
16030,331.24
13539,631.34
13893,821.1
15321,2748.31
14936,8137.02
16392,221.19
12733,383.95
15517,267.03
16008,478.78
12732,236.26
14418,1937.25
15744,34.8
14427,363.34
16313,274.15
17344,160.57
18144,2888.75
15694,6479.4
12600,2599.04
17860,252.8
14413,122.7
18097,2697.8
14188,2054.36
12502,3723.87
12852,311.55
15644,813.0
14546,2578.09
12656,4051.17
13243,600.07
12438,2906.85
13645,252.1
15888,168.31
16379,2157.4
15193,499.32
16956,308.74
17287,1064.11
13611,1171.8
15780,475.28
13183,3957.78
14229,1547.2
17048,925.35
17602,5102.97
17180,796.03
12754,3010.74
16063,335.32
16696,657.9
17746,110.25
13835,834.57
15402,626.77
16529,455.25
14493,2383.24
16723,589.15
16017,211.88
15275,615.14
16322,326.75
14829,697.55
18156,734.94
17341,781.36
15713,356.7
16442,616.79
17404,31906.82
15290,7943.22
15615,10399.74
14769,10674.75
17007,889.93
13487,575.4
17593,3927.34
14732,2702.49
16497,2965.69
16918,1068.82
16405,167.25
16115,1667.97
14693,172.9
12982,390.54
17704,885.19
15912,264.62
13404,252.49
15187,4777.18
13192,911.94
14921,1316.07
15705,143.1
16762,1501.38
13813,1366.86
17788,1117.9
18192,957.97
16071,326.24
15520,343.5
17855,208.97
16013,37130.6
16927,543.05
17041,1081.57
16153,1824.23
12451,9035.52
15257,317.15
14110,5683.15
15703,211.5
12399,1108.65
13232,1357.6
14593,617.99
17562,1122.38
16200,1080.62
18180,1843.75
12968,135.95
16141,620.4
16959,117.35
18045,189.4
12448,449.45
14974,114.39
17301,197.63
15857,297.0
17211,2317.22
14344,889.93
13126,2099.64
15529,3995.23
16270,1141.24
13284,201.19
15820,206.98
14049,5681.72
16755,1496.83
14461,2103.06
16209,2262.62
13203,869.46
17142,579.0
12354,1079.4
17527,939.37
15069,1109.53
12680,862.81
12756,112.08
16878,13.3
16753,223.92
16751,1764.72
16140,725.18
15808,3734.97
12476,6816.42
17114,808.62
17672,3178.17
18188,2001.04
13851,2651.46
15483,233.81
15449,974.52
13736,731.9
16022,628.28
15980,2398.86
16144,175.2
12701,797.71
15745,1094.59
13735,2885.24
14191,4684.76
13642,354.8
13276,590.93
12375,457.5
18130,1059.39
15720,598.73
16250,389.44
13798,37153.85
12793,545.48
15789,351.3
13874,540.45
16889,1578.67
15346,252.42
12437,4951.41
13161,112.75
14194,11349.52
12933,607.53
14447,1163.23
17931,408.36
16103,1429.64
14597,883.15
12406,3415.3
14984,213.27
15334,351.67
17299,669.11
15480,905.5
17844,51.56
17415,507.84
12602,153.12
15598,240.68
12912,1662.3
14528,364.22
15645,612.01
14307,2995.72
17999,382.06
14479,316.25
17446,120.9
13292,578.94
13557,584.06
13262,200.29
15691,136.8
15244,631.57
16623,129.45
16097,185.05
12840,2726.77
13637,810.5
18048,172.29
14265,530.18
16340,549.07
13954,439.92
14592,570.46
17201,342.63
17383,199.29
16883,276.73
18055,6784.19
12785,311.95
13317,2273.68
13817,382.98
18032,73.5
15569,1375.71
17988,201.12
16997,702.0
12664,4881.88
13706,330.79
16466,1603.46
12516,1312.06
14100,194.9
15573,607.45
16049,1111.79
16164,822.48
12795,430.48
15574,702.25
12971,11189.91
12682,12288.22
15356,2766.5
15881,501.39
12422,803.56
16714,1161.53
17337,2027.87
15793,965.61
12407,1708.12
13841,85.0
15976,430.94
16744,1304.76
13420,159.85
12922,405.38
17464,289.96
14712,917.07
14863,266.76
18006,444.68
14881,255.4
15274,716.57
18011,102.79
15860,977.21
14744,1099.98
16596,250.15
17076,841.08
18178,1590.81
17277,1065.35
12916,3006.15
16572,1009.6
15651,646.3
12622,180.1
17521,723.21
12444,5005.46
17391,508.8
12991,503.76
14856,1311.38
14015,917.34
17538,98.42
17600,161.67
