StockCode,total_price
DOT,206248.77
22423,174484.74
23843,168469.6
85123A,104518.8
47566,99504.33
85099B,94340.05
23166,81700.92
M,78110.27
POST,78101.88
23084,66964.99
22086,64952.29
84879,59094.93
79321,54117.76
22502,51426.62
22197,51354.02
23298,43182.83
22386,42436.24
23203,42067.78
21137,40652.13
23284,38166.64
22720,38158.39
22960,37128.88
20725,36042.01
82484,36030.22
22178,33187.97
22114,33002.59
22910,32873.34
22112,32866.18
85099F,32570.47
22469,32107.8
23245,31177.95
21931,30770.12
22727,30701.12
23199,30475.65
22470,30139.41
22355,29277.95
22699,29095.27
23355,28842.55
22411,28634.95
22457,28147.96
85099C,28092.2
20685,28082.54
23201,27890.17
22726,27196.53
21175,27074.07
84347,26463.83
21915,26331.58
22666,26240.6
84946,25889.63
22629,25740.47
22961,25660.98
48138,25609.6
21181,25290.58
23173,24918.93
21621,24542.83
22111,24509.84
22722,24483.66
22326,24438.62
48187,24292.84
22138,24239.72
21731,23932.98
48185,23888.81
23344,23815.75
23243,23514.17
22189,23463.47
21733,23228.74
21929,23181.14
82482,23113.26
20713,23030.96
21623,23010.09
22139,22912.81
22697,22826.3
22090,22790.96
85066,22708.95
22383,22542.44
20727,22421.21
15056N,22176.49
84029E,22144.98
48194,22138.57
20712,22092.42
23202,21852.81
20724,21776.79
20728,21750.63
22630,21635.14
21523,21601.69
23209,21450.17
21843,21365.25
21212,21259.1
21928,21154.55
21166,20957.64
23206,20911.98
22659,20818.7
22728,20702.15
71477,20658.56
21479,20594.45
84997D,19736.5
82494L,19640.79
22501,19322.16
22328,19130.37
22467,18890.47
22969,18788.55
15036,18569.84
82486,18467.22
20914,18390.2
20726,18323.38
22382,18092.36
21108,18069.28
22835,18055.11
22693,17927.45
22865,17910.03
21485,17708.53
22698,17551.76
22384,17435.19
22077,17205.37
22385,17081.86
21754,17049.92
82583,17047.06
23240,17037.52
22492,16937.82
20719,16759.75
22624,16528.31
22993,16507.23
84978,16477.53
84078A,16363.3
23301,16357.05
21232,16263.8
84029G,16164.04
84997B,16045.97
85152,15983.33
23313,15833.31
15056BL,15828.84
22379,15636.99
82483,15240.07
22084,15122.97
22900,14975.93
84997C,14501.18
22752,14453.47
22866,14410.62
22847,14389.34
48184,14324.0
23200,14197.28
22507,14193.35
22083,14159.54
22625,14141.7
22867,14078.69
21930,14031.16
23343,13978.95
22622,13931.31
84077,13841.85
20971,13838.1
22941,13812.92
AMAZONFEE,13761.09
22171,13746.11
23077,13720.77
22551,13615.31
21524,13612.41
23356,13494.97
23207,13360.2
22558,13346.04
22554,13344.77
23108,13303.02
23328,13284.49
22776,13088.73
82600,12835.28
22113,12805.33
22499,12792.25
22427,12671.06
20750,12642.93
20749,12614.17
21755,12572.71
22607,12571.37
20723,12552.4
21790,12515.96
22188,12487.17
22568,12440.14
22424,12383.83
22149,12373.88
23174,12350.73
21977,12245.02
48188,12114.97
47590B,12071.92
22273,12016.34
22191,11971.15
22158,11944.88
21430,11928.45
22087,11893.23
22193,11882.57
23300,11815.69
21936,11671.09
23581,11613.03
22692,11555.56
21217,11532.39
22730,11479.65
21481,11466.37
22356,11420.29
21216,11407.56
22041,11354.56
21340,11338.27
21080,11319.36
47566B,11290.12
22605,11276.21
22570,11227.47
23170,11117.05
22413,11104.79
22662,11090.58
B,11062.06
20711,11014.62
85014B,10981.95
22988,10938.31
85048,10910.61
71459,10858.89
22617,10745.05
22846,10676.62
22734,10621.6
21791,10535.65
21891,10526.0
84755,10518.25
47590A,10502.65
23208,10498.01
22992,10379.84
22169,10354.26
21914,10343.56
84947,10297.27
23582,10233.45
22970,10224.75
22569,10133.33
21218,10116.49
22556,10070.11
22633,10057.32
22621,10056.95
23171,10051.99
48173C,10025.11
20679,10021.42
23076,9965.76
22791,9963.88
22690,9959.6
84997A,9933.88
22619,9921.29
22654,9898.95
22555,9863.28
22766,9843.59
21314,9811.58
22838,9765.11
22561,9749.82
21559,9748.13
22844,9686.82
22144,9681.18
22560,9602.32
23175,9600.15
22978,9568.73
22456,9554.47
35970,9546.53
22952,9524.72
21174,9413.82
84375,9404.15
85150,9388.53
21155,9301.4
23319,9266.84
22749,9264.91
22966,9212.15
84991,9183.72
23318,9167.39
20972,9159.31
23080,9158.87
48116,9088.63
22729,9080.2
22771,9050.44
22759,9043.94
22989,9012.27
22632,8995.43
23439,8941.61
23322,8925.41
82582,8862.99
21889,8862.29
84945,8754.63
22947,8714.24
23256,8675.37
22147,8626.94
22652,8620.32
23534,8614.85
22795,8578.0
23082,8577.51
23078,8553.34
21035,8549.85
84378,8540.9
21484,8535.52
23493,8509.68
23321,8473.27
23535,8469.99
71053,8441.82
21213,8418.44
21210,8374.19
22768,8268.54
72741,8225.0
22192,8189.29
22725,8168.6
84380,8161.46
22804,8135.4
22655,8125.0
22667,8101.15
22909,8050.53
21121,8033.85
22616,7980.92
22940,7954.0
21770,7938.78
22487,7919.23
22352,7873.72
22968,7861.93
21136,7830.32
23238,7825.56
22557,7777.09
22173,7773.7
23007,7758.7
21908,7756.42
23204,7741.94
48111,7732.93
21258,7674.8
84970S,7672.41
84406B,7657.32
84949,7642.44
21231,7628.53
22991,7608.79
21955,7597.02
22750,7563.08
22585,7561.64
22627,7547.39
21668,7527.66
22367,7520.28
22381,7437.94
84836,7426.82
22741,7363.86
23382,7356.18
21169,7320.36
23083,7254.65
20969,7236.93
22179,7232.95
22631,7207.37
22634,7191.15
22485,7190.35
22553,7176.67
22767,7173.55
21787,7163.65
22834,7136.23
21669,7136.0
22950,7133.0
22637,7121.38
21259,7106.95
23236,7106.21
22505,7104.22
23320,7072.16
21912,7062.7
22663,7053.28
C2,7051.0
22333,7047.24
22946,7047.17
23215,7044.64
23543,7019.01
22839,7011.57
23283,7003.38
23293,7001.99
22170,6977.6
21922,6952.31
21877,6942.33
21165,6939.08
21094,6933.26
23254,6932.16
22109,6928.65
22840,6927.64
21257,6909.37
22294,6901.33
21326,6890.47
23109,6878.37
22580,6860.09
23103,6859.36
75049L,6827.98
23541,6823.91
21672,6815.9
23297,6792.23
22620,6789.46
22943,6785.17
23008,6753.51
23229,6739.71
23480,6726.64
23247,6715.93
22668,6710.42
21533,6701.22
85014A,6684.67
21871,6681.21
84988,6672.7
23169,6671.14
21888,6667.04
20718,6613.04
84992,6555.33
22508,6544.63
21122,6496.04
23311,6488.2
22141,6474.29
23553,6457.15
84030E,6452.94
23188,6451.07
20676,6441.06
23571,6436.61
23134,6431.11
22635,6422.28
84970L,6412.77
22784,6405.54
22979,6401.97
23307,6379.59
23172,6360.91
22303,6353.55
22895,6349.95
22151,6332.29
21154,6321.76
21380,6316.36
21935,6298.61
22826,6210.0
23192,6142.29
21670,6141.29
21975,6117.91
23118,6102.18
21156,6093.05
21671,6078.54
21673,6071.75
47591D,6060.25
47556B,6045.0
17003,6036.39
22366,6034.9
23526,6021.4
22174,6013.43
21535,6011.51
48129,6009.84
23296,5988.05
23312,5968.3
22783,5961.25
22584,5954.61
23052,5949.34
22150,5925.39
23154,5907.36
23113,5868.5
22971,5849.29
23485,5843.92
22207,5837.84
22751,5812.72
22796,5807.35
22779,5802.6
22740,5793.62
22365,5762.28
82001S,5750.21
22595,5731.26
23205,5728.08
62018,5716.85
21242,5704.78
22646,5695.77
22907,5681.9
22837,5662.58
22088,5661.05
22466,5607.74
22418,5585.45
22488,5575.33
21558,5568.07
22798,5564.25
23531,5559.11
23126,5556.79
22429,5549.68
23177,5528.04
23133,5525.4
22464,5519.42
23158,5517.99
23583,5513.83
22964,5481.09
22904,5479.06
22297,5468.66
23135,5416.18
22827,5415.0
22845,5403.28
22349,5389.02
23494,5377.81
21172,5345.88
22998,5314.9
22120,5276.94
22296,5274.12
22623,5248.21
22848,5225.4
23132,5219.1
22772,5211.7
22781,5198.66
22665,5195.03
23263,5184.69
22689,5176.25
22898,5174.32
21844,5170.64
23157,5170.1
21428,5167.88
21164,5161.88
23165,5147.66
23162,5143.69
22302,5136.84
37449,5127.24
23397,5097.65
21098,5093.76
22371,5093.57
21756,5089.56
23234,5088.45
23295,5078.43
23198,5068.4
22849,5061.63
22780,5044.34
23314,5037.96
22301,5031.83
21907,5031.38
22957,5023.5
22271,5022.1
22636,5009.56
21932,5001.98
23310,4997.28
23556,4974.51
21933,4964.03
22142,4950.54
23570,4944.37
84212,4934.87
22110,4914.69
21937,4901.8
22748,4897.63
23010,4896.55
23351,4880.65
21124,4868.05
23503,4864.3
21086,4861.9
21033,4853.81
21390,4851.88
21876,4834.51
23554,4830.53
23555,4818.07
22549,4799.83
23389,4780.54
23159,4771.76
23184,4764.5
84050,4761.78
21539,4758.75
22243,4753.29
23569,4752.31
20677,4749.84
23286,4747.62
23558,4741.37
20979,4729.98
22645,4721.73
22082,4716.33
23241,4709.07
23176,4697.58
82552,4680.63
22721,4678.71
22745,4678.59
22504,4674.62
22606,4670.36
47599A,4649.5
22295,4643.67
22813,4640.78
22628,4625.86
22775,4621.87
21833,4594.43
23285,4572.41
22417,4566.54
23404,4561.76
23168,4559.92
23275,4557.97
82551,4542.89
20974,4531.98
23309,4527.2
23163,4515.22
23112,4514.58
22938,4488.63
21934,4480.28
23167,4476.01
84987,4474.07
21906,4470.81
22942,4469.04
23530,4465.97
22089,4460.38
23288,4444.23
22626,4427.36
20975,4387.82
15056P,4366.82
23349,4355.1
22327,4336.7
16014,4335.76
84692,4329.48
22899,4328.53
21498,4322.42
21892,4322.16
23050,4286.55
22723,4282.57
23237,4278.54
22694,4260.12
20970,4235.88
22661,4231.95
22061,4228.01
23089,4217.73
22801,4215.14
23012,4208.96
23144,4197.83
22550,4194.89
20682,4190.83
23110,4158.68
72760B,4155.34
21874,4149.93
22649,4147.73
23486,4145.47
22596,4142.92
23306,4123.38
22841,4109.72
23255,4101.37
23193,4097.28
23194,4086.37
23009,4082.52
22577,4075.94
22489,4072.97
22896,4063.76
23340,4053.88
21116,4051.79
23081,4046.5
21704,4039.28
22219,4037.98
72351B,4012.05
22951,4010.55
22431,4002.61
22890,3999.57
23129,3999.5
22956,3992.58
22493,3989.94
23130,3988.98
20675,3984.37
84792,3978.97
22274,3974.13
22131,3952.19
23557,3930.27
22148,3929.15
22980,3914.96
21716,3913.72
21041,3909.63
23049,3896.84
22117,3896.45
23552,3883.99
22222,3880.2
22578,3877.68
21749,3877.09
23032,3876.78
22738,3856.07
23253,3848.86
85049A,3847.36
37370,3844.81
23131,3840.13
23111,3839.24
21243,3827.16
22842,3823.21
22809,3822.5
21110,3822.45
22350,3822.12
23542,3800.16
85049E,3791.11
21244,3789.32
23299,3784.13
23092,3773.58
21746,3766.93
23127,3763.95
21527,3756.79
22195,3725.61
23091,3725.07
21260,3722.23
21658,3721.63
23182,3718.09
23064,3717.56
22212,3713.54
22854,3708.52
21531,3692.37
21890,3689.46
22656,3685.0
23013,3678.11
22926,3674.7
85053,3666.29
23497,3660.37
23191,3656.94
22378,3649.07
23085,3635.23
22468,3633.17
23294,3631.05
22236,3624.6
23210,3617.78
22812,3610.25
22053,3606.42
84968C,3585.99
22739,3585.02
22348,3584.99
21494,3578.83
22908,3573.83
23332,3570.76
22800,3564.49
20717,3564.48
85132C,3562.32
22180,3561.34
22669,3559.0
21974,3545.6
21992,3529.12
21703,3528.89
22688,3519.66
23353,3517.52
23189,3507.51
21715,3507.17
22760,3491.86
21238,3488.44
21745,3486.98
23232,3478.92
82580,3474.31
22065,3470.83
22435,3456.75
23350,3456.33
47567B,3456.15
23426,3450.21
21588,3450.15
23388,3448.69
84508A,3448.05
21385,3447.55
21463,3446.95
22300,3444.91
23536,3442.13
23065,3439.94
23156,3437.85
23354,3431.89
21497,3430.0
23014,3427.48
22311,3418.51
84509A,3417.28
22782,3399.95
23239,3399.49
21429,3398.95
22029,3397.65
84032A,3390.88
22653,3380.45
79000,3377.74
21993,3363.34
22563,3358.18
22687,3354.22
22432,3350.62
22079,3348.39
22165,3328.2
23395,3305.83
22855,3304.23
22962,3294.91
22460,3289.75
22567,3282.3
22244,3280.11
23308,3279.21
22967,3277.31
22430,3266.09
23053,3262.57
21868,3262.25
22187,3245.68
22746,3244.94
23393,3230.41
23230,3228.42
23035,3226.09
23051,3223.49
20973,3216.12
22360,3210.52
21135,3207.69
22491,3193.83
23342,3193.41
21115,3174.84
23323,3155.18
22465,3153.09
22778,3146.82
72807C,3145.05
84968A,3139.3
21381,3138.0
21561,3127.38
23346,3117.34
21240,3112.81
20754,3090.96
23461,3082.71
20828,3079.88
22972,3072.59
22564,3063.52
23329,3056.34
84997b,3052.92
22810,3045.68
22604,3044.76
23390,3042.19
23242,3037.11
22892,3029.1
22894,3027.38
21810,3022.79
22592,3021.12
22945,3019.12
21714,3018.15
23231,3008.34
22644,3000.02
85184C,2997.64
16161P,2990.92
21201,2987.82
21411,2982.03
22331,2975.14
21625,2967.31
22906,2959.42
22777,2951.53
21918,2950.67
22078,2948.41
85174,2946.88
22990,2942.18
35004B,2934.81
23211,2933.07
84568,2923.13
23056,2916.87
22965,2914.81
22843,2911.27
21313,2906.52
22774,2901.75
23290,2899.1
23345,2891.25
21976,2886.95
21112,2885.13
21990,2880.45
23427,2873.08
23212,2865.89
22354,2860.98
22426,2858.96
23504,2857.64
22797,2851.36
22930,2849.35
23196,2848.04
22476,2844.16
22072,2831.17
22380,2823.86
85178,2823.83
47599B,2822.32
21499,2819.84
21563,2803.13
22762,2786.03
22794,2784.9
23396,2780.53
22963,2778.84
22224,2767.01
21109,2765.15
22925,2763.42
23190,2761.9
22196,2759.26
23266,2757.57
23147,2755.1
22773,2754.4
23341,2749.85
22823,2745.0
22974,2744.54
23100,2743.13
22283,2742.33
21985,2737.63
23407,2729.33
20829,2725.05
23333,2721.7
23164,2718.65
84832,2713.55
22278,2709.3
23489,2709.23
21239,2709.04
22927,2704.71
23292,2704.58
22737,2695.8
23264,2694.56
72802C,2692.44
21811,2687.4
22691,2686.72
22702,2684.65
22045,2683.84
22660,2678.96
21781,2676.75
22433,2667.5
22130,2664.63
22329,2663.54
84997d,2657.79
23146,2655.13
22902,2650.08
22582,2649.35
22792,2643.33
22241,2641.93
35961,2640.86
23054,2621.43
21012,2618.25
22830,2610.29
22700,2608.08
22833,2603.53
22175,2600.13
22361,2598.23
22805,2593.53
21500,2593.0
22822,2588.7
47559B,2588.65
22933,2585.92
22610,2578.24
21735,2577.45
84596B,2570.52
22937,2568.34
22358,2557.12
22064,2556.2
21452,2549.11
21078,2540.39
23424,2529.42
72351A,2528.15
23681,2526.69
21730,2519.38
22670,2518.0
21556,2515.52
23316,2511.59
22672,2511.22
22075,2503.34
21107,2501.56
23367,2495.75
21903,2494.33
22215,2471.39
23352,2462.95
85062,2449.3
22374,2440.27
84032B,2430.44
21875,2429.38
23406,2428.91
22807,2428.18
22573,2427.25
23265,2423.54
22743,2420.34
22811,2419.29
22437,2418.94
21328,2418.68
23400,2409.34
22939,2407.52
22167,2401.07
20978,2400.05
84796B,2393.59
84969,2389.52
11001,2389.44
23028,2387.03
22440,2385.12
23048,2384.97
20983,2382.46
22282,2378.52
23498,2378.48
22851,2375.44
84997c,2374.44
23437,2373.63
23436,2367.39
37500,2360.68
22070,2358.15
21495,2356.0
23401,2354.87
23412,2354.8
22548,2351.44
22425,2346.12
21700,2334.94
20977,2331.14
16156S,2331.0
23197,2323.8
22829,2315.33
22736,2315.25
22483,2314.74
23371,2313.53
84950,2304.83
21982,2304.14
23029,2303.92
22441,2301.31
23330,2299.47
23360,2296.15
85175,2292.34
22185,2291.44
23128,2283.41
21813,2280.47
21896,2279.09
23252,2276.61
22914,2266.16
22983,2261.6
46000S,2256.2
21069,2251.77
22030,2247.97
23093,2244.22
23079,2243.35
23326,2237.71
21989,2235.65
21471,2228.09
23438,2227.42
22601,2222.38
23501,2220.37
22478,2218.12
37448,2214.08
21794,2213.42
82494l,2211.6
23403,2207.86
10135,2207.39
21042,2205.47
22574,2202.14
21900,2201.07
23302,2194.62
23020,2191.84
22571,2191.43
22763,2186.27
23031,2182.0
85038,2179.66
23445,2177.84
22357,2175.04
21878,2173.05
22377,2171.53
22704,2168.76
22121,2165.65
21592,2164.46
22732,2162.75
21249,2160.0
22107,2158.06
23370,2157.85
22920,2155.94
82581,2155.89
22588,2149.31
23005,2147.55
22973,2145.91
23161,2145.3
23213,2139.67
23066,2137.81
40016,2136.34
22509,2132.44
22128,2127.53
37450,2126.39
22891,2125.18
84356,2124.15
22498,2121.99
21980,2121.76
22156,2114.83
21718,2114.64
23046,2111.49
20751,2108.72
23251,2107.0
23233,2105.5
21506,2101.01
22996,2099.97
23152,2095.65
22733,2095.08
22059,2094.24
23315,2094.24
22744,2091.54
21609,2089.64
22593,2087.34
22747,2087.15
22055,2086.49
22863,2076.63
22831,2070.9
22955,2070.15
23227,2070.06
22935,2066.82
23291,2060.28
23490,2055.27
22101,2053.17
47504K,2049.45
23500,2044.58
21864,2043.79
22414,2038.39
22803,2038.09
20674,2032.48
22080,2028.23
84880,2027.74
22788,2025.96
22602,2025.57
22115,2020.91
23268,2019.59
51014A,2018.78
22897,2016.0
22959,2014.42
23289,2013.7
22859,2012.97
21622,2012.34
23358,2012.13
23529,2011.99
22364,2010.17
22503,2010.12
23274,2009.95
85049G,2007.94
21591,2001.14
22932,2000.88
22186,1997.48
22928,1993.75
23357,1993.6
72802B,1993.48
22579,1988.89
37446,1986.24
23075,1981.05
22477,1980.4
15039,1979.49
23145,1979.48
23068,1976.89
21916,1973.91
22931,1968.4
20992,1965.81
23374,1962.83
22312,1962.29
84031A,1961.16
23228,1960.0
23235,1957.69
85123a,1952.48
84596F,1952.0
22291,1946.62
22824,1938.25
22412,1938.15
22639,1937.71
22199,1927.84
21192,1924.94
23094,1924.92
22183,1916.01
23155,1914.73
20963,1913.67
21534,1908.88
22594,1905.77
84968F,1905.68
23491,1897.76
85061W,1897.45
16169E,1892.46
23434,1892.07
21068,1890.33
23394,1888.9
35004C,1888.1
15058B,1885.27
20982,1884.92
22027,1883.79
23359,1872.31
22534,1871.12
22198,1870.91
23090,1870.86
23525,1867.57
22858,1865.73
70006,1865.63
21988,1862.75
21870,1861.46
22220,1859.2
22428,1854.76
72807A,1849.82
22944,1843.64
21557,1843.61
23378,1842.42
22712,1842.36
21034,1842.05
21873,1838.05
22651,1837.47
21713,1836.64
21564,1831.62
22452,1831.11
72807B,1830.71
15044D,1822.71
22223,1821.61
23148,1820.46
23160,1809.48
22200,1809.48
21114,1809.33
15060B,1807.55
22536,1805.21
85034C,1805.0
21832,1800.0
21245,1792.27
23317,1787.41
23057,1783.52
21055,1782.54
22832,1781.82
85035C,1779.41
22710,1774.42
22562,1773.37
21439,1767.15
22119,1766.57
21056,1765.4
22314,1762.07
21899,1761.22
23096,1759.79
22852,1757.88
21584,1754.9
23372,1752.79
23399,1752.35
21812,1751.22
20961,1749.18
23101,1744.61
20981,1742.27
23244,1733.98
23181,1733.57
21329,1728.64
23122,1727.75
47570B,1727.23
21586,1721.85
21845,1721.09
22526,1720.26
85015,1719.84
23073,1719.0
22544,1716.18
22037,1715.48
22986,1712.1
22227,1708.07
22934,1707.47
22816,1706.88
23214,1705.44
21917,1704.03
22674,1697.72
37340,1695.86
51008,1690.55
21544,1690.23
22789,1688.22
16161U,1687.5
21207,1686.5
23368,1681.5
22332,1679.65
22419,1676.88
22913,1673.15
22335,1672.79
23366,1670.55
22076,1669.53
15058A,1668.49
21577,1664.9
21578,1664.51
84968D,1661.47
23505,1660.04
23270,1659.37
22479,1658.57
22853,1655.96
21981,1655.36
21111,1652.27
23483,1651.36
47566b,1651.15
23273,1649.05
22161,1647.16
23348,1642.13
22284,1641.62
22375,1639.29
22154,1638.35
84510A,1636.57
22474,1636.27
35953,1634.92
85034B,1633.78
23391,1632.32
22799,1631.58
22445,1624.76
22975,1624.63
22473,1623.04
37495,1622.24
21706,1621.76
23280,1614.99
22166,1614.4
23217,1613.82
23287,1613.59
21206,1610.92
85040A,1610.62
22095,1610.41
22671,1610.35
22292,1608.86
23462,1607.04
22475,1605.67
22948,1604.99
22305,1604.58
21394,1603.77
18097C,1601.21
23226,1596.67
22398,1589.51
22449,1587.3
21626,1586.75
15056n,1585.28
21967,1583.41
46000M,1582.55
23369,1581.06
22676,1580.89
22434,1580.16
21528,1578.42
84279P,1576.96
22208,1576.47
22494,1573.52
22583,1572.95
21509,1572.28
85206A,1572.23
22085,1566.99
21913,1565.83
85132A,1565.67
22313,1564.83
21744,1563.55
84971S,1561.7
22818,1560.48
22675,1558.91
23524,1557.63
20665,1546.27
20985,1545.59
22982,1545.02
22600,1544.93
10133,1544.22
22318,1541.62
84828,1541.36
21898,1541.11
22176,1539.83
22472,1536.91
22731,1536.24
23267,1531.95
21200,1531.14
23250,1531.03
22828,1530.0
84968E,1522.53
85049C,1518.19
22530,1517.72
22770,1515.68
20668,1512.92
21352,1511.26
22591,1509.41
22471,1506.97
21361,1505.96
22905,1505.24
23528,1504.49
22985,1500.44
23271,1499.38
21792,1497.72
22285,1494.9
22802,1494.69
23334,1491.75
72349B,1490.89
37342,1489.01
23559,1488.65
84580,1486.18
23392,1485.43
35924,1484.3
21327,1484.13
21829,1483.42
22203,1483.13
21619,1481.4
21447,1478.1
21470,1477.82
22664,1472.85
23034,1466.07
23365,1464.38
22713,1462.56
21705,1462.17
84818,1461.6
23470,1460.5
21872,1459.98
15044A,1456.72
22696,1456.45
23086,1455.18
22461,1453.58
21620,1451.99
21191,1451.82
23249,1445.9
84031B,1440.37
85054,1436.53
22949,1434.95
23527,1432.31
22182,1430.48
15058C,1429.82
22306,1428.57
21507,1425.28
22922,1422.9
22458,1421.83
21407,1421.11
22976,1420.26
22714,1415.73
22576,1415.31
51014C,1415.09
21363,1413.84
22531,1413.25
82567,1412.27
22436,1412.16
84536A,1409.9
22915,1406.42
23104,1405.42
23119,1402.32
23055,1401.43
21424,1401.02
22443,1399.69
22047,1394.5
23040,1394.03
84813,1393.79
21537,1392.21
84795B,1390.64
23376,1389.59
21519,1389.22
21382,1389.08
22677,1389.07
22063,1388.1
22071,1388.05
22735,1387.46
22299,1386.97
21071,1385.28
22363,1383.75
21123,1383.34
22609,1381.78
21820,1379.72
23414,1378.75
23546,1375.5
23000,1369.12
85227,1368.75
22304,1368.18
22716,1365.95
23221,1363.87
85232B,1361.25
22911,1361.04
23469,1355.24
23061,1355.18
21039,1353.69
22754,1352.17
21686,1351.64
21615,1349.17
22421,1347.52
22399,1347.08
21987,1346.65
22917,1344.77
22073,1343.64
22912,1342.39
22293,1341.67
21624,1337.51
21246,1336.78
23538,1334.49
72802A,1334.16
22650,1333.75
22742,1333.21
22362,1329.44
85183B,1323.37
21818,1322.5
23405,1321.38
22916,1316.16
21179,1315.43
23373,1313.39
37447,1313.28
90057,1311.36
22028,1309.18
21195,1308.56
22686,1308.38
85199S,1305.25
21064,1301.55
21627,1299.83
22439,1297.12
21793,1296.61
22310,1296.23
21866,1296.13
21408,1295.21
21422,1295.0
22372,1289.49
21616,1288.34
84012,1283.99
21901,1280.49
22999,1280.31
22918,1278.6
21090,1278.23
47480,1277.47
23072,1273.76
85059,1273.11
21211,1271.52
21902,1270.82
21897,1268.19
47503A,1264.2
23511,1256.17
22572,1255.72
23071,1255.1
22977,1253.86
23067,1249.11
22597,1247.78
71038,1244.95
21262,1242.06
22074,1241.32
22442,1241.3
23138,1238.76
22603,1237.08
22338,1234.67
72817,1232.27
22129,1231.52
23539,1227.95
22919,1224.46
22613,1222.61
22575,1222.07
22315,1221.43
23142,1220.82
82578,1218.95
23598,1218.48
82599,1217.73
22711,1213.34
72800E,1213.29
22589,1212.82
22416,1210.82
21846,1206.97
22168,1205.3
84884A,1201.91
23026,1201.04
23444,1200.0
22929,1199.75
21986,1197.73
22081,1193.0
22453,1191.69
22755,1190.51
21070,1186.23
22921,1184.12
23041,1178.48
23225,1177.0
21628,1176.6
23431,1175.38
85039B,1174.63
20984,1173.9
23523,1173.81
21742,1173.53
21065,1172.48
22924,1169.9
22757,1168.99
23418,1168.08
84313C,1165.91
23508,1165.13
23515,1164.98
23269,1163.13
22334,1160.71
22680,1160.29
22708,1160.0
23566,1159.43
20801,1157.8
23507,1156.51
85132B,1156.17
21773,1154.17
22678,1152.81
21774,1152.4
22325,1151.3
23402,1151.03
20956,1149.02
85106,1147.41
22320,1147.27
22497,1145.15
21043,1143.76
21693,1143.31
21947,1142.15
22376,1141.7
21395,1141.4
22923,1140.97
23506,1139.2
22581,1138.98
22094,1138.2
84912B,1136.6
22446,1135.18
85159B,1134.5
22155,1134.45
22153,1134.25
22539,1130.58
85087,1129.99
47585A,1129.44
21830,1127.23
22211,1124.04
22815,1123.88
84944,1121.91
47580,1121.82
22608,1121.48
21809,1119.56
23510,1119.22
22060,1118.95
23411,1118.61
21984,1116.95
21466,1116.89
22997,1115.93
22817,1114.81
23513,1114.26
22758,1112.75
22342,1111.58
23375,1108.89
23433,1108.58
22444,1107.87
85116,1106.88
85127,1106.54
22984,1106.17
85114A,1105.21
85036C,1104.86
22819,1104.81
22221,1104.54
21824,1102.81
21688,1101.28
22309,1093.6
23087,1090.66
23432,1090.02
22785,1087.57
15056bl,1086.88
23102,1086.65
21469,1085.32
21991,1080.82
21224,1080.0
84459B,1079.67
51014L,1079.34
23347,1077.3
22611,1077.03
22245,1070.85
21288,1070.26
22123,1069.17
35648,1068.32
21819,1067.82
23033,1067.6
22286,1065.39
21391,1064.44
23516,1062.35
23331,1062.28
22995,1062.0
20931,1060.9
84459A,1059.67
22438,1058.69
85035B,1058.35
22190,1057.71
21464,1055.25
21949,1054.44
22152,1053.5
16016,1053.45
23327,1051.14
22066,1051.05
16237,1048.56
21508,1046.98
23419,1045.8
22163,1042.78
85180A,1042.66
22808,1038.87
79302M,1037.54
21821,1037.05
22402,1035.58
22024,1033.81
23088,1033.28
22091,1033.22
21788,1032.64
22860,1032.62
20967,1031.69
21803,1031.56
22231,1029.76
21679,1028.58
15044C,1025.94
23545,1025.6
22614,1024.9
22679,1024.28
20966,1022.8
21188,1021.9
23452,1021.76
23153,1020.69
22673,1019.83
22459,1018.19
23544,1015.78
85039A,1013.92
21617,1013.01
21354,1010.21
23107,1009.51
21198,1008.47
22279,1007.15
23460,1007.08
72816,1006.27
21467,1004.39
22098,1003.19
23121,1002.54
22695,1001.49
23281,1000.82
21355,998.83
23533,998.64
85232D,997.47
22069,996.8
23517,996.38
84558A,996.26
10125,994.84
22242,994.38
21648,992.79
20886,988.18
35651,985.84
35471D,984.57
20802,984.47
23380,983.5
23518,983.3
22500,980.7
21948,979.48
22857,977.76
23514,977.39
23512,977.32
85064,976.25
22681,973.15
84843,969.8
22307,969.64
22209,968.37
21058,968.21
22599,967.76
23183,967.17
21389,966.78
47504H,964.38
70007,962.96
22246,962.77
22540,960.86
22210,959.7
20846,958.57
22994,958.2
20733,958.06
22262,953.86
84913A,952.83
84819,951.79
84509G,950.49
84596G,949.92
21683,948.7
23540,947.06
21717,946.93
15044B,946.83
47593B,946.13
22270,945.95
23178,943.92
22132,939.03
35646,937.25
22281,935.39
20752,935.15
20686,932.42
21462,932.4
22893,931.02
21682,930.96
23179,930.48
23413,929.11
22046,929.0
22103,928.04
85185B,926.94
23099,925.35
23002,925.29
85103,924.29
22701,922.89
17091J,920.67
21802,920.4
85114C,920.22
72799E,919.94
21786,918.25
23338,915.4
85034A,915.15
82001s,910.12
23472,909.37
21894,908.33
23004,906.94
37501,906.83
22519,906.75
84519A,905.55
85114B,904.14
23532,901.58
85131A,901.48
22118,901.46
22106,898.38
21465,897.8
22277,897.74
22682,896.75
23502,896.41
21631,896.01
22936,895.97
22719,895.72
21633,895.46
22761,895.38
22814,893.51
22251,891.99
21743,890.6
84823,890.4
21189,888.67
21199,888.33
84536B,888.14
21209,886.24
22524,883.2
46776F,883.12
22317,882.62
22321,881.33
85176,880.47
23479,880.23
84997a,878.74
84030e,877.76
22308,877.38
23423,876.9
21695,875.38
21399,874.29
22343,873.9
22565,873.52
22683,871.49
85049H,870.35
23220,869.98
21204,868.44
21708,868.06
22068,863.38
21359,860.23
84849D,859.0
21880,858.78
85135C,856.38
21823,854.74
85183A,852.04
84535B,850.2
84006,849.55
22706,847.94
22105,847.82
22537,844.84
22862,843.95
23564,841.31
22162,841.24
23551,841.01
37327,840.47
20839,840.44
21694,840.33
15034,840.02
22276,838.86
22254,836.8
21125,834.73
20986,833.49
22587,833.07
22217,832.51
22102,831.84
21642,831.02
21804,830.03
22454,827.82
22341,827.63
22249,826.46
23017,826.28
21294,825.49
22093,824.08
85194L,823.74
21905,823.71
72818,821.98
21291,819.64
23186,819.46
23324,816.04
23106,815.59
85169A,813.02
85049a,812.84
79191C,812.53
23022,808.16
21789,806.2
84509B,806.04
22099,804.65
22268,804.04
79160,802.13
23409,801.68
22705,801.36
22546,800.4
85170D,796.99
23487,795.58
85035A,795.05
85173,795.02
22566,794.88
21162,794.15
23521,793.37
23335,792.86
23519,792.31
22340,792.28
21504,788.97
23568,787.52
21680,786.31
84279B,785.95
23115,785.17
21158,783.82
21272,783.82
85163B,783.68
22518,783.54
84660A,783.45
85159A,783.35
22685,780.8
22451,779.15
22228,778.63
21983,777.67
85231B,777.58
85032A,777.14
22422,776.75
84509a,775.84
22586,774.55
84519B,774.55
22522,774.29
21084,773.14
21927,771.15
21618,770.87
22133,770.73
84609,770.59
22252,770.32
85125,770.29
21530,769.57
23140,766.1
22025,766.09
23006,765.27
22786,764.63
21707,763.66
23550,763.1
23458,762.45
85212,761.4
23025,760.8
85130B,760.43
23123,760.4
17084R,760.32
21287,760.15
10002,759.89
21822,759.44
85036A,759.35
22753,758.98
23282,757.86
22480,757.21
21383,755.83
22336,754.41
84913B,754.07
23454,753.95
23223,751.85
22495,751.77
22523,751.66
23124,751.38
20748,751.17
21126,750.2
84763,748.34
22481,748.08
22322,747.81
85032B,747.79
21215,745.45
22258,743.89
22316,743.62
21643,743.31
22393,741.98
23325,740.94
22097,739.57
22264,738.68
23114,737.95
21677,737.84
79030G,735.83
84660B,734.86
23435,734.79
22250,732.65
22400,731.82
72803A,730.97
22821,730.47
23562,730.37
21398,729.6
22856,729.57
90200D,729.57
22684,728.57
20996,727.46
23522,727.44
22718,727.31
84754,725.52
21883,725.42
85131D,725.26
46775D,720.93
22287,720.16
85032C,719.84
79067,719.69
23222,718.53
21630,718.14
84581,717.21
22026,717.12
21775,716.86
22201,716.8
23042,711.51
20866,710.95
84817,710.64
21636,709.66
23070,709.54
21143,709.18
21739,708.98
21289,708.75
22514,706.55
22981,705.58
21356,704.55
16235,702.96
21106,702.51
79164,699.96
21476,699.63
21208,697.77
20704,697.7
85049D,697.49
85078,696.8
23120,695.41
84707A,695.23
23187,695.06
21066,694.72
84660C,693.32
21650,692.85
16225,691.85
35923,690.52
21696,690.1
22403,689.67
21317,689.53
79066K,689.34
85071B,688.91
22324,688.3
21629,687.95
20902,686.86
23597,684.97
21163,684.62
22339,683.31
85019B,682.97
22062,682.01
35001G,681.59
22136,680.93
46776B,679.67
21205,677.19
22806,677.04
84659A,676.27
23428,675.91
40001,675.23
22267,673.17
21351,672.88
47591d,672.24
21261,672.09
37475,671.93
84923,671.62
22618,671.53
22535,671.01
22204,669.54
22057,667.92
23024,667.85
47574A,665.95
20767,663.71
85199L,663.43
21613,661.93
23547,661.5
22450,661.11
23482,661.02
22615,660.73
18098C,658.75
72349b,658.51
22756,656.52
22448,656.43
20658,653.36
46776A,651.95
21187,651.75
23224,649.02
22525,648.97
22953,647.11
22533,646.49
22715,645.64
21747,645.61
22067,645.22
85177,645.06
23408,644.8
84789,644.47
21640,644.03
17021,643.14
21808,641.58
22389,641.55
21446,640.92
35810A,640.92
84800L,639.36
84929,637.56
85141,635.74
23492,635.38
21054,634.53
22396,634.43
23456,634.1
84086C,634.07
21784,633.07
20840,632.32
23453,631.58
23216,630.73
72232,630.23
84596L,629.8
21417,629.8
23019,629.05
20932,628.79
23027,627.95
23471,626.74
79163,626.55
22559,626.53
20735,625.8
22194,625.69
21865,625.23
84665,624.75
21426,624.58
22269,622.74
22035,622.36
21684,622.3
22520,622.1
23425,621.44
20772,621.19
23180,621.09
22116,620.42
84637,619.59
21473,618.66
22288,618.2
21171,613.14
23018,612.16
22420,611.72
20893,611.57
20764,610.81
22021,610.45
85036B,609.43
22515,608.95
22359,608.72
85170C,608.53
22233,607.73
21769,607.65
21709,607.23
72598,605.89
84625A,605.48
22232,604.46
23520,604.3
22255,602.63
21159,602.18
35971,600.93
21448,600.87
85017B,600.29
21014,598.82
22266,596.5
22642,596.36
17012B,595.85
21292,594.51
23377,593.62
21253,593.37
22247,593.14
21581,590.67
21015,590.13
22319,587.86
23499,587.49
85180B,587.2
22096,586.82
85144,586.6
23565,586.31
84748,585.86
21576,585.34
22825,584.37
22703,583.33
85071A,583.23
85172,583.12
20832,582.03
23537,581.13
21096,581.09
85136A,580.36
20702,577.79
22260,577.44
84352,577.35
21264,575.55
22820,575.42
23016,575.25
23125,574.88
22337,574.54
21675,573.36
21468,572.23
21277,571.43
47310M,570.45
23455,569.43
85130D,569.29
21251,568.98
23069,568.71
85161,568.65
23219,568.6
84796A,568.13
23381,567.95
21488,566.17
22482,565.86
22272,564.92
85019A,564.35
23272,562.22
84569D,561.87
21219,561.84
85032D,561.34
71279,561.32
84912A,560.62
85016,560.11
85163A,559.0
21849,558.83
85025B,558.42
23451,558.12
21194,558.07
90062,558.03
21662,557.3
85187,556.53
23074,555.59
23457,554.83
84951B,554.78
17129F,553.83
84951A,553.8
35599D,553.07
23473,552.85
47563A,552.76
21638,551.96
35599B,551.13
35965,551.13
17012D,550.64
22903,550.6
21397,550.43
22261,549.81
23549,548.1
23484,547.35
21128,546.6
85107,546.49
84598,546.04
22023,543.76
22513,543.65
23043,543.51
23398,538.75
22496,538.06
84625C,536.41
22717,535.78
82613D,535.49
85088,534.83
23660,534.66
85114c,534.66
22521,533.16
22543,531.64
17012F,530.6
35241,530.49
21801,530.26
21270,530.19
23139,530.15
75131,529.21
22709,528.5
21059,528.23
23060,528.17
22707,527.94
22275,527.85
22248,525.94
85104,525.75
85135B,524.55
20785,523.3
22861,522.93
85025C,522.56
23336,521.33
85131B,521.11
84816,519.35
84313B,518.61
20761,517.22
21455,516.79
21711,513.02
22216,512.93
23136,511.89
22280,510.84
21926,509.9
21654,509.36
72819,509.07
84520B,508.37
20681,506.96
21067,506.65
82616B,505.69
20998,505.2
23021,504.97
22127,504.88
84687,504.43
84616,504.32
21925,503.75
84509C,502.69
23560,502.07
21710,501.98
82613B,501.49
82616C,501.44
85231G,501.27
23117,501.23
20766,501.07
22181,500.91
21972,499.08
22050,498.5
23466,498.03
23045,497.98
22516,496.99
84970s,496.49
22511,495.2
21358,494.54
21850,493.08
35598D,493.01
46776C,492.79
21632,489.74
85194S,489.17
35809A,488.89
21202,487.11
21867,486.5
21454,486.01
84820,484.63
17012C,484.35
23218,483.03
21634,481.95
22638,481.88
23691,481.5
22230,480.92
21587,480.75
90209C,480.5
21741,480.17
84849B,478.83
20803,478.72
23422,477.89
85049F,477.34
21472,476.41
23561,476.0
85093,475.18
22184,471.86
21366,470.17
84674,469.9
20716,469.63
20707,468.39
20615,466.99
20831,466.53
84917,466.3
22647,466.18
23379,465.36
21374,463.79
22517,462.33
20838,461.45
35598B,460.64
21003,460.58
22344,460.38
21063,458.31
21062,458.23
23023,457.62
21220,457.51
17096,455.98
21851,454.99
35004G,454.65
21415,454.42
84920,453.73
84916,453.39
85169C,452.86
23509,452.72
21061,451.7
21641,451.59
23548,451.5
48189,451.11
84872A,450.08
20770,449.8
22640,449.39
22598,447.36
20669,447.34
21365,447.09
84600,446.89
22486,446.45
84976,446.15
22390,445.44
22643,445.17
82613C,444.63
21656,444.58
21580,444.07
20903,441.89
20768,441.12
85111,441.07
35637A,440.62
20619,439.65
21828,439.54
85130C,438.87
22545,436.09
17107D,436.05
23044,435.74
84360,434.12
35653,433.19
85168B,432.79
22229,432.46
84931B,431.73
23058,430.86
20705,428.85
21002,428.66
21088,428.28
77101A,428.19
85071C,428.0
21758,427.46
84658,426.13
21318,425.08
20934,424.46
72799F,424.08
20765,423.55
90200E,423.41
90154,421.75
85136C,421.18
20762,420.08
22051,420.0
21129,419.52
22134,419.42
85208,419.01
84970l,418.98
90114,417.96
22405,417.86
84821,417.35
22214,416.6
21147,415.77
22108,415.09
21817,414.63
21579,414.22
21285,413.88
21884,413.76
90161C,412.74
23459,412.5
15056p,412.48
23415,412.18
84596E,412.1
84806B,411.56
22447,410.81
20830,409.83
85203,409.41
16219,407.72
22510,406.49
35964,405.25
23339,405.0
22406,403.46
23576,400.04
23429,400.01
23039,399.71
22345,399.62
37476,399.02
21131,398.02
84974,398.0
18007,395.61
47421,395.1
22256,394.15
23661,393.59
22048,393.5
20867,393.47
84247E,392.94
90200B,392.83
23116,392.34
84826,391.93
23150,390.75
85232A,389.55
21373,389.04
23337,388.75
35095A,388.57
21879,386.77
20854,386.32
21881,383.11
21197,382.96
84919,381.78
22346,381.66
85179A,380.79
21562,380.36
16045,380.0
46776D,378.29
90161B,377.88
21051,377.2
90160C,377.04
47367B,376.27
21284,376.18
17012A,375.93
84559A,375.61
21635,374.96
84663A,374.12
20782,373.57
21945,373.34
84915,372.33
16011,372.33
21689,369.87
84563A,369.84
23575,367.35
22532,366.75
22769,366.73
22265,366.15
21000,365.09
21320,364.22
23579,362.65
21286,362.12
35957,361.81
21348,361.56
85049e,360.71
16008,360.71
84632,359.7
35954,359.6
21060,359.29
84563B,358.1
90209B,357.74
20856,357.29
21263,356.97
22100,356.46
82095,356.11
85169D,356.08
85169B,356.06
84569A,355.84
21724,355.83
21001,354.14
37482P,354.03
21664,353.97
21723,353.48
23420,353.45
23421,353.36
21222,353.19
79030D,352.57
35095B,352.25
20652,350.61
21555,350.47
22529,349.87
84924A,348.59
84631,348.53
21421,348.43
23015,346.63
20700,345.17
47591B,344.79
84849A,344.34
85129D,343.99
22104,343.71
90149,342.76
47559b,342.65
84766,340.7
21221,340.22
71270,338.73
22547,338.23
21167,337.14
72122,336.74
84926E,334.76
85213,334.03
23047,333.5
85230B,333.2
22259,332.84
84952B,332.14
84638,331.5
21248,330.72
90200A,328.44
16259,326.56
84708B,326.35
85204,325.96
23037,325.16
23478,324.4
90147,324.01
23695,323.32
85205B,323.15
22135,322.8
84931A,322.54
84509c,322.22
22092,322.18
21403,322.18
16238,322.09
21425,320.49
16236,320.09
21371,319.71
20936,319.66
21026,319.5
22202,319.35
90161D,318.89
72586,318.67
84876B,318.31
20780,318.19
84884a,317.72
46118,317.17
22765,316.95
85170B,316.75
35915C,316.46
90198A,315.73
21375,315.27
85202,314.81
47594B,314.55
84584,314.51
21841,314.5
17084N,313.31
85014b,313.06
21942,313.01
84358,312.7
21442,310.49
21944,310.19
47021G,309.3
22124,309.11
21719,307.44
23495,306.66
20622,305.8
22043,304.5
22040,304.5
22641,303.73
23430,301.88
35912B,301.26
84661B,300.24
22409,299.72
21761,299.5
23440,299.36
20897,298.27
90184B,297.94
84596J,296.45
22049,296.25
85186A,293.8
79051A,293.31
20655,292.29
35911A,292.07
21441,292.03
23567,291.58
72800B,290.8
21386,290.2
23410,290.1
16015,289.98
85024B,289.65
21503,288.92
46776E,288.43
79190B,288.36
71403,286.91
20618,286.39
37413,284.49
18094C,283.93
21666,283.51
16218,283.31
20794,282.79
20777,282.49
84341B,282.38
84872a,282.15
23481,281.17
22257,280.42
71101E,280.2
85188A,278.17
21725,277.24
16169M,277.2
21293,276.72
84926D,276.53
85049g,276.42
23137,275.62
21250,274.37
20684,273.81
22512,273.46
22052,273.0
84859A,272.99
23141,272.91
22889,272.2
20755,272.02
21815,271.68
20734,271.22
85214,271.04
23474,270.96
85019C,270.72
21275,270.08
35001W,270.02
20771,269.68
21785,269.61
85186C,269.17
21644,268.75
21332,268.1
17013D,267.82
21445,267.5
85230E,267.45
21265,267.21
84795b,266.78
21279,266.15
20699,266.03
85039C,265.77
90160A,264.94
72800C,264.82
23476,264.72
90160D,264.7
84952A,264.47
85124B,264.06
18098c,263.12
85124C,261.89
84858C,261.68
47422,261.3
16012,261.24
79337,259.96
21324,259.67
78124,257.75
20997,257.61
35915B,257.22
85230G,257.04
21458,256.54
21427,256.44
84952C,255.0
21269,254.98
21379,254.33
21547,253.53
48173c,252.95
90201B,252.9
21882,252.47
35967,252.33
90143,252.18
23149,251.45
22164,250.22
85071D,249.49
20659,248.09
21647,247.8
22954,247.63
23465,247.63
22410,247.42
84678,247.04
22869,246.14
90175A,245.63
22391,245.58
21676,245.36
21190,245.2
20819,244.72
84422,244.17
20616,243.53
85095,243.49
85094,242.32
22870,242.24
23475,242.18
84592,241.24
47469,241.21
23143,239.97
21028,239.24
72131,238.35
22137,237.98
23580,236.87
21360,236.17
85023B,235.35
20775,235.19
47351B,234.5
16216,234.0
23036,233.67
21025,233.52
90058B,232.56
84857C,232.33
85099f,232.06
23447,231.9
84712B,231.56
21161,231.37
20696,230.81
22394,230.68
21973,230.55
23446,230.25
90206C,229.68
85040B,229.47
72800D,229.22
85200,228.75
90010E,227.89
21157,227.6
23003,226.2
90201D,225.84
22031,225.59
85014a,225.32
90158,224.12
21657,223.46
84218,223.11
21364,222.96
21456,222.22
84711A,221.8
20781,221.65
84876D,221.25
22395,220.04
35914,219.66
20868,219.35
75178,218.87
21378,217.89
21316,217.68
90014A,217.59
20847,217.58
20769,217.56
21132,217.36
84559B,217.29
84051,216.06
21377,215.68
90120C,215.2
21520,214.19
84510C,213.83
22882,213.7
90200C,211.43
72127,210.61
84877B,210.56
84707B,210.55
84926A,210.52
90175D,210.04
90160B,209.73
21750,209.61
90192,209.1
21651,208.47
90119,207.61
16048,205.42
20763,205.04
21726,204.69
22878,204.19
84875B,203.51
85230A,203.28
21911,203.21
84688,203.07
47578A,202.53
90201A,202.51
22541,202.37
85179C,201.31
22880,200.59
44235,200.46
84968e,200.21
47594A,199.84
16156L,199.5
22038,199.5
21367,199.49
22289,198.52
21376,197.81
22881,197.56
90019A,197.09
22263,196.82
22044,196.44
71143,196.36
90013A,195.32
84926F,195.22
20617,194.94
23697,194.58
22884,194.05
20654,193.59
90018A,193.33
90082A,193.2
21306,193.03
84910A,192.14
22883,191.48
47471,191.18
85045,191.1
90030B,190.73
90184C,190.52
21027,190.29
21418,189.75
21196,189.68
21807,189.42
21311,188.87
85020,188.81
84804B,188.37
20694,187.54
84711B,186.64
84535A,186.56
21826,186.43
21402,185.52
84429A,185.45
90201C,185.42
78033,185.3
72801d,184.7
23416,184.68
90016B,184.66
85055,183.71
84509E,183.45
84927F,182.95
22032,181.98
84907,180.93
85215,180.71
72801C,180.65
84804A,180.58
84859C,180.52
22157,180.2
21721,179.46
79190A,179.36
40003,179.23
16258A,178.97
21847,178.89
85131C,178.85
22872,177.46
84685,177.33
21319,175.78
84507C,175.73
gift_0001_30,175.53
85211,175.16
22764,174.77
90197B,174.73
84691,174.5
84800M,174.31
35810B,174.09
84905,173.48
22042,173.37
16168M,173.12
22885,172.78
47481,172.64
21030,172.2
82011C,172.05
84963A,171.8
62086A,171.6
90082B,171.45
85146,171.11
21763,169.75
85129B,168.59
21333,168.16
90145,168.0
84661A,167.79
85145,167.7
gift_0001_50,167.56
90010A,167.3
gift_0001_20,167.05
21457,165.89
21280,165.75
21331,165.74
72225C,165.6
23694,165.08
BANK CHARGES,165.0
22538,164.84
21698,164.17
90120B,164.12
90191,163.82
90209A,163.8
22408,163.69
22871,163.35
16207A,163.1
21100,162.21
84683,162.2
85114a,161.7
21369,161.49
85027L,160.5
84799,160.48
21344,160.09
23305,159.9
84993A,159.69
90014B,158.74
84247G,158.63
90013C,158.08
17038,158.06
90134,157.5
84508C,157.5
23417,157.5
84882,157.34
35649,156.85
23468,156.75
84673B,156.63
44234,155.82
21349,155.6
22353,155.55
84595E,154.68
23496,154.52
84827,154.39
21614,153.29
21145,152.5
90198B,152.4
84877D,152.18
84865,152.11
72128,152.05
21401,151.19
22415,151.05
85135A,151.05
22874,150.81
DCGSSBOY,150.55
21738,150.48
21459,150.38
84629,150.0
84963B,149.85
90013B,149.41
46000R,149.35
21117,149.25
22875,149.09
90185D,148.63
84576,148.32
21486,147.88
37479P,146.91
82011B,146.85
22868,146.6
22886,146.43
84870B,146.08
84870C,146.05
90116,145.52
22873,145.5
84508B,145.35
47343A,145.17
85118,144.52
DCGSSGIRL,144.43
20757,144.29
21368,144.03
84192,143.75
21082,143.44
20837,142.47
22033,141.95
20774,141.24
20661,141.15
84796a,141.11
20836,141.1
90164B,140.98
16054,140.52
90170,140.33
84744,140.02
22125,139.86
23463,139.4
22876,138.81
75011,138.76
35922,138.6
23304,138.45
79191B,138.3
22877,138.11
20758,137.7
90181B,137.63
21736,137.22
21637,136.25
84660c,134.92
90073,134.7
90115,134.53
21943,134.49
90028,134.16
46000U,133.75
72130,133.34
35921,133.23
20823,132.72
90208,132.7
62096A,132.5
21518,132.44
90210D,132.05
85039a,131.81
90185A,131.03
90164A,130.67
90210C,130.51
84510a,130.48
37467,130.27
90000D,129.85
21281,129.63
47590b,129.48
72799C,129.47
21400,128.63
20826,128.4
35638B,128.33
84846A,128.14
84800S,127.57
90180A,127.24
85130A,127.05
79190D,126.98
22887,126.78
23303,126.75
85067,126.65
90199C,126.64
23578,125.72
84968a,125.33
22888,124.98
84228,124.09
21420,123.66
23477,123.47
37343,123.3
90058A,123.12
84906,123.02
90195A,122.84
90070,122.64
85086A,122.08
90129B,121.38
37333,120.99
20845,120.65
90173,120.34
23467,120.08
35972,120.0
90161A,119.91
90124B,119.89
90003C,119.84
84569B,119.65
90122C,119.23
10080,119.09
21032,119.03
84709B,119.0
85114b,118.86
84507B,118.73
21095,118.73
90184A,117.73
21814,117.57
90183A,117.24
84741C,117.0
23151,116.82
23185,116.59
72780,116.45
51020A,116.33
72812,116.06
84809A,115.5
16052,115.3
90148,114.48
90130B,113.97
47518F,113.64
84457,113.41
72801D,113.21
20795,113.05
47503H,112.81
84925F,112.48
90003D,112.26
90096,112.21
21678,111.86
90214A,111.66
90036E,110.95
90185C,110.09
90125D,110.03
20731,109.96
85167B,109.94
21278,109.65
90124C,109.54
90122A,109.48
85096,109.23
20894,108.71
21372,107.75
35916C,107.72
17090A,107.45
85129C,107.31
21904,107.1
23626,107.07
35818P,106.97
35819B,106.81
90125A,106.24
20657,105.91
20898,105.73
90016A,105.71
85040a,105.28
22039,105.0
23574,105.0
35920,104.84
84661C,104.84
84461,104.55
17084P,104.44
20796,103.94
79144B,103.65
90032,103.13
22879,102.46
90063A,102.0
90196A,102.0
20701,100.97
35637C,100.86
16033,100.8
35911B,100.76
gift_0001_40,100.7
21370,100.66
22407,100.53
90010B,100.09
90081C,99.6
23611,99.6
17091A,99.29
23464,99.2
84510c,98.7
84898F,98.63
79144C,98.54
90101,98.07
84723,97.95
47369B,97.13
90185B,97.02
84806A,96.89
90204,96.86
84801A,96.6
90019B,96.52
72801c,95.94
21722,95.53
90174,95.42
21777,95.4
90036D,95.35
90146,95.35
90178A,95.25
20653,95.18
84527,95.1
84666,94.8
90133,94.43
82613A,93.63
47369A,93.19
20773,92.4
90018B,92.28
35933,92.21
85132a,92.2
82615,91.8
90030C,91.7
90175B,91.68
20901,91.48
20662,90.42
85230F,90.34
90163A,90.32
90022,90.2
21690,90.0
72051S,89.95
35833P,89.72
35400,89.5
20892,89.22
90123A,89.12
84984A,88.35
84306,88.22
90166,88.04
90129F,88.03
84531B,87.56
84989a,87.51
23442,87.36
20869,86.76
21038,86.75
23614,86.58
90003E,86.11
79403,85.52
75172,85.31
20821,84.15
16169K,84.0
20941,83.78
90072,83.42
22016,83.33
90123C,83.29
90129A,82.98
84881,82.57
35968,82.1
35638A,82.1
16049,82.08
90108,81.96
21226,81.8
20664,81.66
71496A,80.96
90175C,80.55
84249A,80.46
84927E,80.16
90129C,79.76
90124A,79.66
90162B,79.65
84984B,79.05
72811,78.93
84847,78.75
90039D,78.69
37479B,78.09
90000A,77.91
90086,77.79
90129E,77.04
20980,76.91
84531A,76.69
35916B,76.68
46000P,76.5
84840,76.44
90099,76.38
90063B,76.32
90177C,76.23
16207B,76.14
20798,75.6
21946,75.35
21413,75.02
gift_0001_10,74.97
84968d,74.88
84251G,74.7
90118,74.64
17012E,74.64
85132b,74.61
85198,74.58
21087,74.57
90059A,74.53
90081A,74.25
90098,73.95
90177D,73.53
85197,73.5
90214C,72.77
90103,72.66
84231,72.63
20960,72.49
72801G,72.46
90030A,72.0
90036C,71.4
17014A,71.19
20933,71.05
90214S,71.0
90211A,70.97
47589,70.85
84251B,70.78
51020B,70.57
84927A,70.45
85026B,70.27
90051,70.16
16161G,70.0
16020C,69.9
90125C,69.85
46126A,69.84
81952V,69.73
90199A,69.63
84549,69.38
90019C,68.73
85188B,68.7
90151,68.0
90194,67.87
84247K,67.85
90000B,67.83
90155,67.62
84874B,67.51
82011A,67.5
85049B,67.5
35916A,67.39
90144,67.36
90024B,67.28
37444A,67.13
84859B,66.76
90040B,66.7
35819P,66.55
84686,66.39
17011F,66.36
72807a,66.32
20663,66.26
85008,66.12
20835,65.8
21031,65.49
90214L,65.04
84247N,64.9
90186B,64.58
90202D,64.46
90082D,64.38
90202A,64.28
90036F,64.08
90181A,64.04
84875D,63.75
21692,63.75
84673A,63.72
72133,63.51
90196B,63.48
35815P,63.28
62094B,63.21
90141A,63.11
S,63.05
22145,63.0
84452,62.9
40046A,62.5
84760S,62.35
72351a,62.27
85160B,62.24
84247L,62.06
20848,61.95
90210B,61.56
90087,61.46
16151A,61.25
90183B,61.08
71495B,61.05
84985A,60.9
21655,60.84
90065A,60.75
90214K,60.7
84984D,60.45
84805A,60.0
90031,59.89
90206A,59.8
23629,59.76
21910,59.4
79071B,59.0
90202C,58.71
20760,58.65
84798A,58.65
72134,58.62
90190C,58.43
84877A,58.16
72802a,58.03
71406C,57.96
16046,57.8
90210A,57.55
84466,57.5
84597C,57.5
85006,57.25
90214J,57.21
21460,56.78
90199B,56.59
44236,56.52
90003B,56.31
47341B,56.25
90038A,56.15
90050,55.72
84679,55.7
90023,55.02
84750B,54.99
90071,54.62
72132,54.6
21336,54.57
90040C,54.42
20759,54.4
90040A,54.29
20793,54.0
79323B,54.0
84251C,53.88
90012A,53.76
90035A,53.62
47586A,53.55
20756,53.55
20851,53.55
20697,53.55
90123B,53.42
90211B,53.26
90214E,53.2
20857,52.8
90163B,52.72
90168,52.56
84842,52.5
90176D,52.5
84805B,52.5
90138,52.42
90141C,52.31
84927D,52.25
35265,52.2
85028S,51.6
90205A,51.51
84597B,51.25
20910,50.8
84534B,50.72
90018C,50.4
17007B,50.4
47348A,50.31
44242B,50.28
90214D,49.9
90214M,49.82
90180B,49.81
23603,49.8
90079,49.76
20667,49.69
90202B,49.65
90142D,49.64
90157,49.59
21816,49.3
21089,48.99
90038B,48.77
84497,48.75
90002D,48.71
21720,48.45
DCGS0076,48.39
84559a,48.38
84510E,48.29
90205C,48.21
84402B,48.19
90125B,48.06
90169,47.84
90036A,47.7
90165B,47.43
17084J,47.25
84706F,47.2
84086B,47.2
84715,47.2
84750A,46.8
84857B,46.8
90190A,46.76
21392,46.39
84801B,46.2
85031A,45.9
90012B,45.35
90064B,45.0
23625,44.91
90141B,44.86
85185D,44.25
20670,44.04
47344B,43.66
79063C,43.65
90056,43.51
20698,43.35
90014C,43.2
46138B,43.15
37444C,43.05
23038,42.92
84539,42.9
22987,42.84
20818,42.7
16254,42.58
84922,42.29
90029,42.14
90024F,42.13
47570b,42.02
17084A,42.0
90120D,41.79
20666,41.53
15030,41.47
72807c,41.45
90059D,41.45
90059E,41.37
90039B,41.31
90162C,41.3
85089,41.3
23448,41.25
84921,41.25
75013B,41.25
90067A,41.15
90177E,41.08
90177B,41.01
90182C,40.96
90130C,40.95
90177A,40.9
10120,40.53
71495A,40.38
90214G,40.2
85092,40.05
90187B,40.03
90165A,39.98
72369A,39.92
90135,39.66
84725,39.65
84596f,39.36
84575A,39.3
21307,39.2
35910A,39.0
47341A,38.75
90064A,38.7
84751B,38.69
21393,38.67
47420,38.38
84559b,38.33
84746,38.31
84925D,38.25
84617,38.25
90190B,38.18
81952B,38.0
84033,37.95
84809B,37.8
90075,37.66
90212B,37.62
90199D,37.62
79191D,37.61
72709,37.4
35809a,37.33
84509b,37.3
90074,37.24
90085,36.76
84522,36.76
90214H,36.76
71510,36.52
35913B,36.33
84548,36.3
17090D,36.25
84226,36.21
85216,35.75
90094,35.7
90179C,35.44
79063D,35.33
90179A,35.31
90123D,35.31
90011B,35.27
90060F,35.16
90186A,35.11
90131,34.87
90049,34.77
90059F,34.69
20827,34.32
79406,34.12
81950B,33.93
84873A,33.9
90026C,33.82
90024C,33.81
17136A,33.75
90038C,33.69
72783,33.6
90129D,33.44
37423,33.18
72807b,33.16
35610C,32.51
37468,32.42
17109D,32.35
84824,31.9
90036B,31.8
20878,31.25
23632,31.2
85018D,30.6
44228,30.6
37471,30.43
90176B,30.12
35610B,30.0
90176E,29.98
90195B,29.98
90039A,29.96
21310,29.95
90122B,29.93
21667,29.9
90136,29.85
84660a,29.84
90159,29.79
90120A,29.73
90001D,29.73
21040,29.7
21757,29.7
35816P,29.64
90214I,29.62
84706D,29.6
90162D,29.5
84465,29.5
82605,29.4
84558a,29.31
85030,29.25
90214N,29.23
84199,29.19
21011,29.0
46776f,28.91
90152A,28.76
84803B,28.73
90093,28.57
90027D,28.4
17165D,28.35
84798B,28.05
90005A,28.02
90214R,28.01
84613A,27.9
79066k,27.77
23613,27.39
23637,27.39
85126,27.14
85017C,27.02
79323P,27.0
23702,27.0
84993a,26.56
35598A,26.55
84675,26.55
90059B,26.52
21836,26.49
72140E,26.35
90212C,26.25
23636,26.19
90183C,26.15
21461,25.81
90026D,25.5
84968B,25.5
84968f,25.49
35910B,25.35
90026B,25.32
90037B,25.28
90013D,25.17
90188,25.13
84596e,25.1
90033,25.07
90016C,24.96
23620,24.9
85115B,24.87
15060b,24.87
85132c,24.87
85034a,24.87
90043,24.81
90059C,24.79
90214B,24.77
84854,24.75
20820,24.75
20778,24.75
90141E,24.75
84993B,24.36
90076,24.12
47503J,23.85
84562A,23.85
21357,23.75
35909B,23.6
35909A,23.6
90083,23.47
90176C,23.32
23623,23.28
90182A,23.2
90104,23.16
85195,23.1
85206B,23.1
22351,23.09
90214Y,22.84
90054,22.58
90039C,22.48
90176A,22.48
23645,22.41
23640,22.41
21018,22.06
90035C,21.5
84387A,21.45
84551,21.45
20695,21.25
90001B,21.15
90001C,21.13
90125E,21.05
23692,21.0
16169P,21.0
90001A,20.95
17001,20.88
47518f,20.73
46776a,20.65
90141D,20.36
90214P,20.23
90034,20.17
84415B,20.0
23646,19.92
23616,19.92
23601,19.92
21681,19.9
35817P,19.86
37491A,19.81
85024C,19.8
90156,19.8
37487B,19.72
85028L,19.5
79062D,19.4
85047,19.05
21538,18.75
21416,18.75
44092C,18.7
84856S,18.6
90041,18.27
35607B,18.24
72821,18.15
90060D,17.85
21661,17.85
84856L,17.82
20935,17.7
90162A,17.7
90027A,17.66
90179B,17.59
84596b,17.57
90011A,17.51
79331,17.5
90130A,17.5
35597D,17.48
23627,17.43
37489D,17.16
90026A,17.0
35645,17.0
47574B,17.0
85084,17.0
21120,16.98
85035a,16.94
20954,16.94
21595,16.94
90024D,16.82
90024E,16.81
21144,16.8
37489B,16.77
23644,16.65
84031b,16.63
84031a,16.63
DCGS0004,16.63
85036a,16.58
90137,16.31
16248B,16.25
35647,16.25
90089,16.22
85160a,16.13
90214V,15.98
72815,15.97
85136B,15.9
84795C,15.9
DCGS0069,15.79
78034B,15.6
20816,15.6
90214F,15.43
84989A,15.4
90132,15.16
90140,15.12
72024U,15.12
84660b,15.08
35610A,15.02
17191A,15.0
23449,15.0
84415A,15.0
90078,15.0
90189A,15.0
84705C,15.0
84462,15.0
90069,15.0
90025F,14.96
23621,14.94
84509g,14.92
90046,14.85
90048,14.85
85031C,14.85
84593,14.75
23634,14.55
16202B,14.5
90027C,14.5
90182B,14.5
37489A,14.43
47593A,14.37
90052,14.14
62043B,14.11
79336,13.68
37489C,13.65
85017A,13.58
90065B,13.5
90214T,13.46
84745B,13.44
84745A,13.44
23639,13.32
23607,13.28
37491C,13.2
84388,13.14
37462E,13.1
16162L,13.0
47013C,12.97
18097A,12.75
DCGS0070,12.72
21895,12.72
90042C,12.7
90055,12.53
90037C,12.52
20671,12.5
90020,12.48
23635,12.48
23654,12.45
82613c,12.4
79329,12.18
17164B,12.18
84016,12.16
90178B,11.95
90021,11.95
84614A,11.9
44092B,11.9
84620,11.9
90214Z,11.84
37444B,11.8
35818B,11.78
16162M,11.76
16043,11.76
23608,11.64
23605,11.64
85184c,11.58
71050,11.55
72798C,11.55
90152B,11.46
90025D,11.19
84536a,11.06
37488A,10.92
79026B,10.61
16161M,10.5
16169N,10.5
35966,10.26
35958,10.2
40005B,10.2
85109,10.2
44089C,10.08
90053,9.99
23619,9.96
23624,9.96
23615,9.96
23650,9.96
37474,9.95
84689,9.95
82613b,9.94
DCGS0003,9.94
37491D,9.88
85231g,9.78
44242A,9.48
23441,9.24
35809B,9.18
90184c,9.15
90181C,9.15
37351,9.06
81950V,8.89
45013,8.85
20906,8.85
84773,8.85
90077,8.82
90011E,8.76
90011D,8.76
90027B,8.76
16206B,8.75
90130D,8.7
84732B,8.58
90102,8.5
90167,8.5
44265,8.5
21410,8.47
72803b,8.47
85035c,8.47
85035b,8.47
85036b,8.47
84975,8.45
20871,8.42
21594,8.34
23612,8.3
72802c,8.29
85034b,8.29
84924F,7.9
16244B,7.85
35607A,7.82
85189,7.65
90042A,7.65
79149B,7.56
90025A,7.5
85160A,7.5
37379A,7.5
16202E,7.5
21827,7.5
90068,7.5
23633,7.47
62097B,7.47
90128A,7.43
84596g,7.38
71496B,7.37
10124G,7.14
90214W,6.82
90214O,6.82
35443,6.8
84802B,6.76
21186,6.72
35833G,6.72
10124A,6.72
62074B,6.72
23604,6.64
37491B,6.6
20678,6.6
90126C,6.58
85224,6.3
44089A,6.3
21228,6.25
85225,6.25
35591T,6.25
23610,6.24
84499,5.95
90152C,5.95
90060B,5.95
35598C,5.9
79161A,5.9
23638,5.82
23652,5.82
23617,5.82
90067B,5.8
90011C,5.8
23630,5.48
21839,5.45
35004P,5.45
81953P,5.32
20964,5.1
37509,5.1
90142A,5.09
84803A,5.07
22034,5.02
47593b,4.98
90135A,4.98
23649,4.98
90128D,4.97
90128C,4.97
84661b,4.96
84661a,4.96
85031B,4.95
90081B,4.95
35650,4.95
85049d,4.92
85049b,4.92
85231b,4.92
90127A,4.92
84971l,4.92
84613C,4.65
71215,4.62
79151B,4.62
84206A,4.56
84732D,4.29
22218,4.25
79157V,4.25
20703,4.25
20861,4.2
47016,4.2
22206,4.17
46776b,4.13
46776e,4.13
47591b,4.13
84536b,4.05
44091A,3.78
17174,3.78
90128B,3.76
37464,3.75
79192A,3.75
90025E,3.73
90025B,3.73
35271S,3.61
16010,3.6
84270,3.57
16202A,3.5
90214U,3.48
79157B,3.4
84802A,3.38
85119,3.36
22528,3.36
90126A,3.36
21160,3.36
23643,3.33
90187A,3.32
84534b,3.32
10123C,3.25
47013A,3.04
23602,2.91
23609,2.91
23628,2.91
90183c,2.9
m,2.55
90100,2.55
17028J,2.52
35609A,2.51
62096B,2.5
90037A,2.48
84201B,2.47
85049c,2.46
84510e,2.46
85179a,2.46
84596l,2.46
82613a,2.46
37330,2.34
46115B,2.28
77079,2.12
85170A,2.1
47579,2.1
90112,2.1
20860,2.1
21414,2.1
81953B,2.09
84731,2.04
22146,1.95
22323,1.95
21491,1.95
90092,1.66
84550,1.65
23664,1.65
84206C,1.52
84977,1.25
37461,1.25
35597A,1.25
35597B,1.25
84569C,1.25
84743C,1.25
21009,1.25
84990,1.1
84201C,0.95
84206B,0.95
90084,0.85
21268,0.84
51014c,0.83
84227,0.42
PADS,0.0
